t_rel_s,sim_Middle_deg,real_Middle_deg
0.0000,45.9429,45.9429
0.0040,45.9429,45.9429
0.0080,45.9429,45.9429
0.0120,45.9429,45.9429
0.0160,45.9429,45.9429
0.0200,45.9429,45.9429
0.0240,45.9429,45.9429
0.0280,45.9429,45.9429
0.0320,45.9429,45.9429
0.0360,45.9429,45.9429
0.0400,45.9429,45.9429
0.0440,45.9429,45.9429
0.0480,45.9429,45.9429
0.0520,45.9429,45.9429
0.0560,45.9429,45.9429
0.0600,45.9429,45.9429
0.0640,45.9429,45.9429
0.0680,45.9429,45.9429
0.0720,45.9429,45.9429
0.0760,45.9429,45.9429
0.0800,45.9429,45.9429
0.0840,45.9429,45.9429
0.0880,45.9429,45.9429
0.0920,45.9429,45.9429
0.0960,45.9429,45.9429
0.1000,45.9429,45.9429
0.1040,45.9429,45.9429
0.1080,45.9429,45.9429
0.1120,45.9429,45.9429
0.1160,45.9429,45.9429
0.1200,45.9429,45.9429
0.1240,45.9429,45.9429
0.1280,45.9429,45.9429
0.1320,45.9429,45.9429
0.1360,45.9429,45.9429
0.1400,45.9429,45.9429
0.1440,45.9429,45.9429
0.1480,45.9429,45.9429
0.1520,45.9429,45.9429
0.1560,45.9429,45.9429
0.1600,45.9429,45.9429
0.1640,45.9429,45.9429
0.1680,45.9429,45.9429
0.1720,45.9429,45.9429
0.1760,45.9429,45.9429
0.1800,45.9429,45.9429
0.1840,45.9429,45.9429
0.1880,45.9429,45.9429
0.1920,45.9429,45.9429
0.1960,45.9429,45.9429
0.2000,45.9429,45.9429
0.2040,45.9429,45.9429
0.2080,45.9429,45.9429
0.2120,45.9429,45.9429
0.2160,45.9429,45.9429
0.2200,45.9429,45.9429
0.2240,45.9429,45.9429
0.2280,45.9429,45.9429
0.2320,45.9429,45.9429
0.2360,45.9429,45.9429
0.2400,45.9429,45.9429
0.2440,45.9429,45.9429
0.2480,45.9429,45.9429
0.2520,45.9429,45.9429
0.2560,45.9429,45.9429
0.2600,45.9429,45.9429
0.2640,45.9429,45.9429
0.2680,45.9429,45.9429
0.2720,45.9429,45.9429
0.2760,45.9429,45.9429
0.2800,45.9429,45.9429
0.2840,45.9429,45.9429
0.2880,45.9429,45.9429
0.2920,45.9429,45.9429
0.2960,45.9429,45.9429
0.3000,45.9429,45.9429
0.3040,45.9429,45.9429
0.3080,45.9429,45.9429
0.3120,45.9429,45.9429
0.3160,45.9429,45.9429
0.3200,45.9429,45.9429
0.3240,45.9429,45.9429
0.3280,45.9429,45.9429
0.3320,45.9429,45.9429
0.3360,45.9429,45.9429
0.3400,45.9429,45.9429
0.3440,45.9429,45.9429
0.3480,45.9429,45.9429
0.3520,45.9429,45.9429
0.3560,45.9429,45.9429
0.3600,45.9429,45.9429
0.3640,45.9429,45.9429
0.3680,45.9429,45.9429
0.3720,45.9429,45.9429
0.3760,45.9429,45.9429
0.3800,45.9429,45.9429
0.3840,45.9429,45.9429
0.3880,45.9429,45.9429
0.3920,45.9429,45.9429
0.3960,45.9429,45.9429
0.4000,45.9429,45.9429
0.4040,45.9429,45.9429
0.4080,45.9429,45.9429
0.4120,45.9429,45.9429
0.4160,45.9429,45.9429
0.4200,45.9429,45.9429
0.4240,45.9429,45.9429
0.4280,45.9429,45.9429
0.4320,45.9429,45.9429
0.4360,45.9429,45.9429
0.4400,45.9429,45.9429
0.4440,45.9429,45.9429
0.4480,45.9429,45.9429
0.4520,45.9429,45.9429
0.4560,45.9429,45.9429
0.4600,45.9429,45.9429
0.4640,45.9429,45.9429
0.4680,45.9429,45.9429
0.4720,45.9429,45.9429
0.4760,45.9429,45.9429
0.4800,45.9429,45.9429
0.4840,45.9429,45.9429
0.4880,45.9429,45.9429
0.4920,45.9429,45.9429
0.4960,45.9429,45.9429
0.5000,45.9429,45.9429
0.5040,45.9429,45.9429
0.5080,45.9429,45.9429
0.5120,45.9429,45.9429
0.5160,45.9429,45.9429
0.5200,45.9429,45.9429
0.5240,45.9429,45.9429
0.5280,45.9429,45.9429
0.5320,45.9429,45.9429
0.5360,45.9429,45.9429
0.5400,45.9429,45.9429
0.5440,45.9429,45.9429
0.5480,45.9429,45.9429
0.5520,45.9429,45.9429
0.5560,45.9429,45.9429
0.5600,45.9429,45.9429
0.5640,45.9429,45.9429
0.5680,45.9429,45.9429
0.5720,45.9429,45.9429
0.5760,45.9429,45.9429
0.5800,45.9429,45.9429
0.5840,45.9429,45.9429
0.5880,45.9429,45.9429
0.5920,45.9429,45.9429
0.5960,45.9429,45.9429
0.6000,45.9429,45.9429
0.6040,45.9429,45.9429
0.6080,45.9429,45.9429
0.6120,45.9429,45.9429
0.6160,45.9429,45.9429
0.6200,45.9429,45.9429
0.6240,45.9429,45.9429
0.6280,45.9429,45.9429
0.6320,45.9429,45.9429
0.6360,45.9429,45.9429
0.6400,45.9429,45.9429
0.6440,45.9429,45.9429
0.6480,45.9429,45.9429
0.6520,45.9429,45.9429
0.6560,45.9429,45.9429
0.6600,45.9429,45.9429
0.6640,45.9429,45.9429
0.6680,45.9429,45.9429
0.6720,45.9429,45.9429
0.6760,45.9429,45.9429
0.6800,45.9429,45.9429
0.6840,45.9429,45.9429
0.6880,45.9429,45.9429
0.6920,45.9429,45.9429
0.6960,45.9429,45.9429
0.7000,45.9429,45.9429
0.7040,45.9429,45.9429
0.7080,45.9429,45.9429
0.7120,45.9429,45.9429
0.7160,45.9429,45.9429
0.7200,45.9429,45.9429
0.7240,45.9429,45.9429
0.7280,45.9429,45.9429
0.7320,45.9429,45.9429
0.7360,45.9429,45.9429
0.7400,45.9429,45.9429
0.7440,45.9429,45.9429
0.7480,45.9429,45.9429
0.7520,45.9429,45.9429
0.7560,45.9429,45.9429
0.7600,45.9429,45.9429
0.7640,45.9429,45.9429
0.7680,45.9429,45.9429
0.7720,45.9429,45.9429
0.7760,45.9429,45.9429
0.7800,45.9429,45.9429
0.7840,45.9429,45.9429
0.7880,45.9429,45.9429
0.7920,45.9429,45.9429
0.7960,45.9429,45.9429
0.8000,45.9429,45.9429
0.8040,45.9429,45.9429
0.8080,45.9429,45.9429
0.8120,45.9429,45.9429
0.8160,45.9429,45.9429
0.8200,45.9429,45.9429
0.8240,45.9429,45.9429
0.8280,45.9429,45.9429
0.8320,45.9429,45.9429
0.8360,45.9429,45.9429
0.8400,45.9429,45.9429
0.8440,45.9429,45.9429
0.8480,45.9429,45.9429
0.8520,45.9429,45.9429
0.8560,45.9429,45.9429
0.8600,45.9429,45.9429
0.8640,45.9429,45.9429
0.8680,45.9429,45.9429
0.8720,45.9429,45.9429
0.8760,45.9429,45.9429
0.8800,45.9429,45.9429
0.8840,45.9429,45.9429
0.8880,45.9429,45.9429
0.8920,45.9429,45.9429
0.8960,45.9429,45.9429
0.9000,45.9429,45.9429
0.9040,45.9429,45.9429
0.9080,45.9429,45.9429
0.9120,45.9429,45.9429
0.9160,45.9429,45.9429
0.9200,45.9429,45.9429
0.9240,45.9429,45.9429
0.9280,45.9429,45.9429
0.9320,45.9429,45.9429
0.9360,45.9429,45.9429
0.9400,45.9429,45.9429
0.9440,45.9429,45.9429
0.9480,45.9429,45.9429
0.9520,45.9429,45.9429
0.9560,45.9429,45.9429
0.9600,45.9429,45.9429
0.9640,45.9429,45.9429
0.9680,45.9429,45.9429
0.9720,45.9429,45.9429
0.9760,45.9429,45.9429
0.9800,45.9429,45.9429
0.9840,45.9429,45.9429
0.9880,45.9429,45.9429
0.9920,45.9429,45.9429
0.9960,45.9429,45.9429
1.0000,45.9429,45.9429
1.0040,45.9429,45.9429
1.0080,45.9429,45.9429
1.0120,45.9429,45.9429
1.0160,45.9429,45.9429
1.0200,45.9429,45.9429
1.0240,45.9429,45.9429
1.0280,45.9429,45.9429
1.0320,45.9429,45.9429
1.0360,45.9429,45.9429
1.0400,45.9429,45.9429
1.0440,45.9429,45.9429
1.0480,45.9429,45.9429
1.0520,45.9429,45.9429
1.0560,45.9429,45.9429
1.0600,45.9429,45.9429
1.0640,45.9429,45.9429
1.0680,45.9429,45.9429
1.0720,45.9429,45.9429
1.0760,45.9429,45.9429
1.0800,45.9429,45.9429
1.0840,45.9429,45.9429
1.0880,45.9429,45.9429
1.0920,45.9429,45.9429
1.0960,45.9429,45.9429
1.1000,45.9429,45.9429
1.1040,45.9429,45.9429
1.1080,45.9429,45.9429
1.1120,45.9429,45.9429
1.1160,45.9429,45.9429
1.1200,45.9429,45.9429
1.1240,45.9429,45.9429
1.1280,45.9429,45.9429
1.1320,45.9429,45.9429
1.1360,45.9429,45.9429
1.1400,45.9429,45.9429
1.1440,45.9429,45.9429
1.1480,45.9429,45.9429
1.1520,45.9429,45.9429
1.1560,45.9429,45.9429
1.1600,45.9429,45.9429
1.1640,45.9429,45.9429
1.1680,45.9429,45.9429
1.1720,45.9429,45.9429
1.1760,45.9429,45.9429
1.1800,45.9429,45.9429
1.1840,45.9429,45.9429
1.1880,45.9429,45.9429
1.1920,45.9429,45.9429
1.1960,45.9429,45.9429
1.2000,45.9429,45.9429
1.2040,45.9429,45.9429
1.2080,45.9429,45.9429
1.2120,45.9429,45.9429
1.2160,45.9429,45.9429
1.2200,45.9429,45.9429
1.2240,45.9429,45.9429
1.2280,45.9429,45.9429
1.2320,45.9429,45.9429
1.2360,45.9429,45.9429
1.2400,45.9429,45.9429
1.2440,45.9429,45.9429
1.2480,45.9429,45.9429
1.2520,45.9429,45.9429
1.2560,45.9429,45.9429
1.2600,45.9429,45.9429
1.2640,45.9429,45.9429
1.2680,45.9429,45.9429
1.2720,45.9429,45.9429
1.2760,45.9429,45.9429
1.2800,45.9429,45.9429
1.2840,45.9429,45.9429
1.2880,45.9429,45.9429
1.2920,45.9429,45.9429
1.2960,45.9429,45.9429
1.3000,45.9429,45.9429
1.3040,45.9429,45.9429
1.3080,45.9429,45.9429
1.3120,45.9429,45.9429
1.3160,45.9429,45.9429
1.3200,45.9429,45.9429
1.3240,45.9429,45.9429
1.3280,45.9429,45.9429
1.3320,45.9429,45.9429
1.3360,45.9429,45.9429
1.3400,45.9429,45.9429
1.3440,45.9429,45.9429
1.3480,45.9429,45.9429
1.3520,45.9429,45.9429
1.3560,45.9429,45.9429
1.3600,45.9429,45.9429
1.3640,45.9429,45.9429
1.3680,45.9429,45.9429
1.3720,45.9429,45.9429
1.3760,45.9429,45.9429
1.3800,45.9429,45.9429
1.3840,45.9429,45.9429
1.3880,45.9429,45.9429
1.3920,45.9429,45.9429
1.3960,45.9429,45.9429
1.4000,45.9429,45.9429
1.4040,45.9429,45.9429
1.4080,45.9429,45.9429
1.4120,45.9429,45.9429
1.4160,45.9429,45.9429
1.4200,45.9429,45.9429
1.4240,45.9429,45.9429
1.4280,45.9429,45.9429
1.4320,45.9429,45.9429
1.4360,45.9429,45.9429
1.4400,45.9429,45.9429
1.4440,45.9429,45.9429
1.4480,45.9429,45.9429
1.4520,45.9429,45.9429
1.4560,45.9429,45.9429
1.4600,45.9429,45.9429
1.4640,45.9429,45.9429
1.4680,45.9429,45.9429
1.4720,45.9429,45.9429
1.4760,45.9429,45.9429
1.4800,45.9429,45.9429
1.4840,45.9429,45.9429
1.4880,45.9429,45.9429
1.4920,45.9429,45.9429
1.4960,45.9429,45.9429
1.5000,45.9429,45.9429
1.5040,45.9429,45.9429
1.5080,45.9429,45.9429
1.5120,45.9429,45.9429
1.5160,45.9429,45.9429
1.5200,45.9429,45.9429
1.5240,45.9429,45.9429
1.5280,45.9429,45.9429
1.5320,45.9429,45.9429
1.5360,45.9429,45.9429
1.5400,45.9429,45.9429
1.5440,45.9429,45.9429
1.5480,45.9429,45.9429
1.5520,45.9429,45.9429
1.5560,45.9429,45.9429
1.5600,45.9429,45.9429
1.5640,45.9429,45.9429
1.5680,45.9429,45.9429
1.5720,45.9429,45.9429
1.5760,45.9429,45.9429
1.5800,45.9429,45.9429
1.5840,45.9429,45.9429
1.5880,45.9429,45.9429
1.5920,45.9429,45.9429
1.5960,45.9429,45.9429
1.6000,45.9429,45.9429
1.6040,45.9429,45.9429
1.6080,45.9429,45.9429
1.6120,45.9429,45.9429
1.6160,45.9429,45.9429
1.6200,45.9429,45.9429
1.6240,45.9429,45.9429
1.6280,45.9429,45.9429
1.6320,45.9429,45.9429
1.6360,45.9429,45.9429
1.6400,45.9429,45.9429
1.6440,45.9429,45.9429
1.6480,45.9429,45.9429
1.6520,45.9429,45.9429
1.6560,45.9429,45.9429
1.6600,45.9429,45.9429
1.6640,45.9429,45.9429
1.6680,45.9429,45.9429
1.6720,45.9429,45.9429
1.6760,45.9429,45.9429
1.6800,45.9429,45.9429
1.6840,45.9429,45.9429
1.6880,45.9429,45.9429
1.6920,45.9429,45.9429
1.6960,45.9429,45.9429
1.7000,45.9429,45.9429
1.7040,45.9429,45.9429
1.7080,45.9429,45.9429
1.7120,45.9429,45.9429
1.7160,45.9429,45.9429
1.7200,45.9429,45.9429
1.7240,45.9429,45.9429
1.7280,45.9429,45.9429
1.7320,45.9429,45.9429
1.7360,45.9429,45.9429
1.7400,45.9429,45.9429
1.7440,45.9429,45.9429
1.7480,45.9429,45.9429
1.7520,45.9429,45.9429
1.7560,45.9429,45.9429
1.7600,45.9429,45.9429
1.7640,45.9429,45.9429
1.7680,45.9429,45.9429
1.7720,45.9429,45.9429
1.7760,45.9429,45.9429
1.7800,45.9429,45.9429
1.7840,45.9429,45.9429
1.7880,45.9429,45.9429
1.7920,45.9429,45.9429
1.7960,45.9429,45.9429
1.8000,45.9429,45.9429
1.8040,45.9429,45.9429
1.8080,45.9429,45.9429
1.8120,45.9429,45.9429
1.8160,45.9429,45.9429
1.8200,45.9429,45.9429
1.8240,45.9429,45.9429
1.8280,45.9429,45.9429
1.8320,45.9429,45.9429
1.8360,45.9429,45.9429
1.8400,45.9429,45.9429
1.8440,45.9429,45.9429
1.8480,45.9429,45.9429
1.8520,45.9429,45.9429
1.8560,45.9429,45.9429
1.8600,45.9429,45.9429
1.8640,45.9429,45.9429
1.8680,45.9429,45.9429
1.8720,45.9429,45.9429
1.8760,45.9429,45.9429
1.8800,45.9429,45.9429
1.8840,45.9429,45.9429
1.8880,45.9429,45.9429
1.8920,45.9429,45.9429
1.8960,45.9429,45.9429
1.9000,45.9429,45.9429
1.9040,45.9429,45.9429
1.9080,45.9429,45.9429
1.9120,45.9429,45.9429
1.9160,45.9429,45.9429
1.9200,45.9429,45.9429
1.9240,45.9429,45.9429
1.9280,45.9429,45.9429
1.9320,45.9429,45.9429
1.9360,45.9429,45.9429
1.9400,45.9429,45.9429
1.9440,45.9429,45.9429
1.9480,45.9429,45.9429
1.9520,45.9429,45.9429
1.9560,45.9429,45.9429
1.9600,45.9429,45.9429
1.9640,45.9429,45.9429
1.9680,45.9429,45.9429
1.9720,45.9429,45.9429
1.9760,45.9429,45.9429
1.9800,45.9429,45.9429
1.9840,45.9429,45.9429
1.9880,45.9429,45.9429
1.9920,45.9429,45.9429
1.9960,45.9429,45.9429
2.0000,45.9429,45.9429
2.0040,45.9429,45.9429
2.0080,45.9429,45.9429
2.0120,45.9429,45.9429
2.0160,45.9429,45.9429
2.0200,45.9429,45.9429
2.0240,45.9429,45.9429
2.0280,45.9429,45.9429
2.0320,45.9429,45.9429
2.0360,45.9429,45.9429
2.0400,45.9429,45.9429
2.0440,45.9429,45.9429
2.0480,45.9429,45.9429
2.0520,45.9429,45.9429
2.0560,45.9429,45.9429
2.0600,45.9429,45.9429
2.0640,45.9429,45.9429
2.0680,45.9429,45.9429
2.0720,45.9429,45.9429
2.0760,45.9429,45.9429
2.0800,45.9429,45.9429
2.0840,45.9429,45.9429
2.0880,45.9429,45.9429
2.0920,45.9429,45.9429
2.0960,45.9429,45.9429
2.1000,45.9429,45.9429
2.1040,45.9429,45.9429
2.1080,45.9429,45.9429
2.1120,45.9429,45.9429
2.1160,45.9429,45.9429
2.1200,45.9429,45.9429
2.1240,45.9429,45.9429
2.1280,45.9429,45.9429
2.1320,45.9429,45.9429
2.1360,45.9429,45.9429
2.1400,45.9429,45.9429
2.1440,45.9429,45.9429
2.1480,45.9429,45.9429
2.1520,45.9429,45.9429
2.1560,45.9429,45.9429
2.1600,45.9429,45.9429
2.1640,45.9429,45.9429
2.1680,45.9429,45.9429
2.1720,45.9429,45.9429
2.1760,45.9429,45.9429
2.1800,45.9429,45.9429
2.1840,45.9429,45.9429
2.1880,45.9429,45.9429
2.1920,45.9429,45.9429
2.1960,45.9429,45.9429
2.2000,45.9429,45.9429
2.2040,45.9429,45.9429
2.2080,45.9429,45.9429
2.2120,45.9429,45.9429
2.2160,45.9429,45.9429
2.2200,45.9429,45.9429
2.2240,45.9429,45.9429
2.2280,45.9429,45.9429
2.2320,45.9429,45.9429
2.2360,45.9429,45.9429
2.2400,45.9429,45.9429
2.2440,45.9429,45.9429
2.2480,45.9429,45.9429
2.2520,45.9429,45.9429
2.2560,45.9429,45.9429
2.2600,45.9429,45.9429
2.2640,45.9429,45.9429
2.2680,45.9429,45.9429
2.2720,45.9429,45.9429
2.2760,45.9429,45.9429
2.2800,45.9429,45.9429
2.2840,45.9429,45.9429
2.2880,45.9429,45.9429
2.2920,45.9429,45.9429
2.2960,45.9429,45.9429
2.3000,45.9429,45.9429
2.3040,45.9429,45.9429
2.3080,45.9429,45.9429
2.3120,45.9429,45.9429
2.3160,45.9429,45.9429
2.3200,45.9429,45.9429
2.3240,45.9429,45.9429
2.3280,45.9429,45.9429
2.3320,45.9429,45.9429
2.3360,45.9429,45.9429
2.3400,45.9429,45.9429
2.3440,45.9429,45.9429
2.3480,45.9429,45.9429
2.3520,45.9429,45.9429
2.3560,45.9429,45.9429
2.3600,45.9429,45.9429
2.3640,45.9429,45.9429
2.3680,45.9429,45.9429
2.3720,45.9429,45.9429
2.3760,45.9429,45.9429
2.3800,45.9429,45.9429
2.3840,45.9429,45.9429
2.3880,45.9429,45.9429
2.3920,45.9429,45.9429
2.3960,45.9429,45.9429
2.4000,45.9429,45.9429
2.4040,45.9429,45.9429
2.4080,45.9429,45.9429
2.4120,45.9429,45.9429
2.4160,45.9429,45.9429
2.4200,45.9429,45.9429
2.4240,45.9429,45.9429
2.4280,45.9429,45.9429
2.4320,45.9429,45.9429
2.4360,45.9429,45.9429
2.4400,45.9429,45.9429
2.4440,45.9429,45.9429
2.4480,45.9429,45.9429
2.4520,45.9429,45.9429
2.4560,45.9429,45.9429
2.4600,45.9429,45.9429
2.4640,45.9429,45.9429
2.4680,45.9429,45.9429
2.4720,45.9429,45.5187
2.4760,45.9429,45.2750
2.4800,45.9154,45.2750
2.4840,45.8538,45.2750
2.4880,45.8538,44.1810
2.4920,45.8538,43.7444
2.4960,45.7734,43.4947
2.5000,45.5986,43.1363
2.5040,45.5986,42.5820
2.5080,45.5986,42.3180
2.5120,45.5986,42.2699
2.5160,45.5986,41.9892
2.5200,45.4594,41.5366
2.5240,45.1547,41.2514
2.5280,45.1547,40.6890
2.5320,45.1547,40.3723
2.5360,45.1547,40.1184
2.5400,44.9611,39.7997
2.5440,44.5030,39.2503
2.5480,44.5030,38.9692
2.5520,44.5030,38.4790
2.5560,44.5030,38.1075
2.5600,44.2812,37.8429
2.5640,43.6710,37.5775
2.5680,43.6710,37.3000
2.5720,43.6710,37.2612
2.5760,43.6710,36.7980
2.5800,43.4090,36.1650
2.5840,42.8163,35.8984
2.5880,42.8163,35.6274
2.5920,42.8163,35.1577
2.5960,42.8163,34.7807
2.6000,42.8163,34.4885
2.6040,42.8163,34.1984
2.6080,42.8163,33.6442
2.6120,42.8163,33.3509
2.6160,42.8163,33.0941
2.6200,42.5201,32.9204
2.6240,41.5414,32.8628
2.6280,41.5414,32.3044
2.6320,41.5414,31.7868
2.6360,41.5414,31.4247
2.6400,41.1672,31.0664
2.6440,40.2138,30.5542
2.6480,40.2138,30.2805
2.6520,40.2138,30.0119
2.6560,40.2138,29.5845
2.6600,39.8577,29.1542
2.6640,38.8407,28.9135
2.6680,38.8407,28.9135
2.6720,38.8407,28.4402
2.6760,38.8407,28.2457
2.6800,38.8407,27.9104
2.6840,38.4287,27.2440
2.6880,37.4280,27.2440
2.6920,37.4280,26.8058
2.6960,37.4280,26.0873
2.7000,37.4280,25.7925
2.7040,36.9927,25.5232
2.7080,35.8921,25.2489
2.7120,35.8921,24.7275
2.7160,35.8921,24.3890
2.7200,35.4634,24.1234
2.7240,34.3828,23.9049
2.7280,34.3828,23.9049
2.7320,34.3828,23.3957
2.7360,34.3828,22.8595
2.7400,34.3828,22.4501
2.7440,33.9272,22.1898
2.7480,32.8077,21.9122
2.7520,32.8077,21.6358
2.7560,32.8077,21.3724
2.7600,32.8077,20.9917
2.7640,32.3576,20.5658
2.7680,31.2645,20.5658
2.7720,31.2645,20.0303
2.7760,31.2645,19.7050
2.7800,31.2645,19.3287
2.7840,30.8402,18.7917
2.7880,29.7044,18.2267
2.7920,29.7044,17.9953
2.7960,29.7044,17.8677
2.8000,29.7044,17.3055
2.8040,29.2518,16.8327
2.8080,28.0852,16.5530
2.8120,28.0852,16.2950
2.8160,28.0852,16.0337
2.8200,28.0852,15.6561
2.8240,27.6707,15.2232
2.8280,26.4593,15.2232
2.8320,26.4593,14.6925
2.8360,26.4593,14.3498
2.8400,26.4593,13.9491
2.8440,25.9943,13.4912
2.8480,24.8276,13.2101
2.8520,24.8276,12.6556
2.8560,24.8276,12.5519
2.8600,24.8276,12.4229
2.8640,24.3671,12.0885
2.8680,23.1909,11.5390
2.8720,23.1909,11.2982
2.8760,23.1909,10.8280
2.8800,23.1909,10.4132
2.8840,22.7288,10.1529
2.8880,21.5052,9.8837
2.8920,21.5052,9.3616
2.8960,21.5052,9.0167
2.9000,21.5052,8.7450
2.9040,21.0236,8.4744
2.9080,19.8217,8.2111
2.9120,19.8217,8.2111
2.9160,19.8217,7.5683
2.9200,19.8217,7.0726
2.9240,19.3730,6.8755
2.9280,18.1401,6.8755
2.9320,18.1401,6.8755
2.9360,18.1401,6.8755
2.9400,18.1401,6.8755
2.9440,17.7798,6.8755
2.9480,16.6381,6.8755
2.9520,16.6381,6.8755
2.9560,16.6381,6.8755
2.9600,16.6381,6.8755
2.9640,16.2963,6.8755
2.9680,15.3364,6.8755
2.9720,15.3364,6.8755
2.9760,15.3364,6.8755
2.9800,15.3364,6.8755
2.9840,15.0253,6.8755
2.9880,14.2083,6.8755
2.9920,14.2083,6.8755
2.9960,14.2083,6.8755
3.0000,14.2083,6.8755
3.0040,13.9437,6.8755
3.0080,13.2306,6.8755
3.0120,13.2306,6.8755
3.0160,13.2306,6.8755
3.0200,13.2306,6.8755
3.0240,13.0002,6.8755
3.0280,12.3833,6.8755
3.0320,12.3833,6.8755
3.0360,12.3833,6.8755
3.0400,12.3833,6.8755
3.0440,12.1806,6.8755
3.0480,11.6489,6.8755
3.0520,11.6489,6.8755
3.0560,11.6489,6.8755
3.0600,11.6489,6.8755
3.0640,11.4915,6.8755
3.0680,11.0124,6.8755
3.0720,11.0124,6.8755
3.0760,11.0124,6.8755
3.0800,11.0124,6.8755
3.0840,11.0124,6.8755
3.0880,10.8890,6.8755
3.0920,10.4608,6.8755
3.0960,10.4608,6.8755
3.1000,10.4608,6.8755
3.1040,10.3429,6.8755
3.1080,9.9828,6.8755
3.1120,9.9828,6.8755
3.1160,9.9828,6.8755
3.1200,9.9828,6.8755
3.1240,9.9828,6.8755
3.1280,9.8839,6.8755
3.1320,9.5685,6.8755
3.1360,9.5685,6.8755
3.1400,9.5685,6.8755
3.1440,9.5685,6.8755
3.1480,9.4902,6.8755
3.1520,9.2094,6.8755
3.1560,9.2094,6.8755
3.1600,9.2094,6.8755
3.1640,9.2094,6.8755
3.1680,9.1367,6.8755
3.1720,8.8982,6.8755
3.1760,8.8982,6.8755
3.1800,8.8982,6.8755
3.1840,8.8982,6.8755
3.1880,8.8471,6.8755
3.1920,8.6285,6.8755
3.1960,8.6285,6.8755
3.2000,8.6285,6.8755
3.2040,8.6285,6.8755
3.2080,8.5692,6.8755
3.2120,8.3948,6.8755
3.2160,8.3948,6.8755
3.2200,8.3948,6.8755
3.2240,8.3948,6.8755
3.2280,8.3468,6.8755
3.2320,8.1922,6.8755
3.2360,8.1922,6.8755
3.2400,8.1922,6.8755
3.2440,8.1922,6.8755
3.2480,8.1524,6.8755
3.2520,8.0167,6.8755
3.2560,8.0167,6.8755
3.2600,8.0167,6.8755
3.2640,8.0167,6.8755
3.2680,7.9786,6.8755
3.2720,7.8645,6.8755
3.2760,7.8645,6.8755
3.2800,7.8645,6.8755
3.2840,7.8645,6.8755
3.2880,7.8645,6.8755
3.2920,7.8309,6.8755
3.2960,7.7326,6.8755
3.3000,7.7035,6.8755
3.3040,7.5887,6.8755
3.3080,7.4759,6.8755
3.3120,7.3591,6.8755
3.3160,7.2477,6.8755
3.3200,7.1336,6.8755
3.3240,7.0188,6.8755
3.3280,6.9195,6.8755
3.3320,6.8755,6.8755
3.3360,6.8755,6.8755
3.3400,6.8755,6.8755
3.3440,6.8755,6.8755
3.3480,6.8755,6.8755
3.3520,6.8755,6.8755
3.3560,6.8755,6.8755
3.3600,6.8755,6.8755
3.3640,6.8755,6.8755
3.3680,6.8755,6.8755
3.3720,6.8755,6.8755
3.3760,6.8755,6.8755
3.3800,6.8755,6.8755
3.3840,6.8755,6.8755
3.3880,6.8755,6.8755
3.3920,6.8755,6.8755
3.3960,6.8755,6.8755
3.4000,6.8755,6.8755
3.4040,6.8755,6.8755
3.4080,6.8755,6.8755
3.4120,6.8755,6.8755
3.4160,6.8755,6.8755
3.4200,6.8755,6.8755
3.4240,6.8755,6.8755
3.4280,6.8755,6.8755
3.4320,6.8755,6.8755
3.4360,6.8755,6.8755
3.4400,6.8755,6.8755
3.4440,6.8755,6.8755
3.4480,6.8755,6.8755
3.4520,6.8755,6.8755
3.4560,6.8755,6.8755
3.4600,6.8755,6.8755
3.4640,6.8755,6.8755
3.4680,6.8755,6.8755
3.4720,6.8755,6.8755
3.4760,6.8755,6.8755
3.4800,6.8755,6.8755
3.4840,6.8755,6.8755
3.4880,6.8755,6.8755
3.4920,6.8755,6.8755
3.4960,6.8755,6.8755
3.5000,6.8755,6.8755
3.5040,6.8755,6.8755
3.5080,6.8755,6.8755
3.5120,6.8755,6.8755
3.5160,6.8755,6.8755
3.5200,6.8755,6.8755
3.5240,6.8755,6.8755
3.5280,6.8755,6.8755
3.5320,6.8755,6.8755
3.5360,6.8755,6.8755
3.5400,6.8755,6.8755
3.5440,6.8755,6.8755
3.5480,6.8755,6.8755
3.5520,6.8755,6.8755
3.5560,6.8755,6.8755
3.5600,6.8755,6.8755
3.5640,6.8755,6.8755
3.5680,6.8755,6.8755
3.5720,6.8755,6.8755
3.5760,6.8755,6.8755
3.5800,6.8755,6.8755
3.5840,6.8755,6.8755
3.5880,6.8755,6.8755
3.5920,6.8755,6.8755
3.5960,6.8755,6.8755
3.6000,6.8755,6.8755
3.6040,6.8755,7.0745
3.6080,6.8755,7.3358
3.6120,6.8860,7.5908
3.6160,6.9200,7.8697
3.6200,6.9200,8.4145
3.6240,6.9200,8.5450
3.6280,6.9200,8.7919
3.6320,6.9698,9.2618
3.6360,7.1367,9.5429
3.6400,7.1367,9.5468
3.6440,7.1367,9.7388
3.6480,7.1367,9.8807
3.6520,7.2246,9.8807
3.6560,7.5026,9.8807
3.6600,7.5025,9.8807
3.6640,7.5026,10.2413
3.6680,7.5025,10.6588
3.6720,7.5881,10.8824
3.6760,7.9087,10.8824
3.6800,7.9087,11.4075
3.6840,7.9087,11.7469
3.6880,7.9087,11.8841
3.6920,7.9087,11.8841
3.6960,8.4387,12.2072
3.7000,8.4387,12.2180
3.7040,8.4387,12.2180
3.7080,8.4387,12.5885
3.7120,8.5592,13.2198
3.7160,8.9426,13.2198
3.7200,8.9426,13.2198
3.7240,8.9426,13.6291
3.7280,8.9426,13.8876
3.7320,9.0747,13.9553
3.7360,9.6020,14.2139
3.7400,9.6020,14.4905
3.7440,9.6020,14.5554
3.7480,9.6020,14.6755
3.7520,9.7536,14.9317
3.7560,10.2624,15.2074
3.7600,10.2624,15.2232
3.7640,10.2624,15.4264
3.7680,10.2624,15.6914
3.7720,10.4224,15.8910
3.7760,10.9684,15.8910
3.7800,10.9684,16.4400
3.7840,10.9684,16.5589
3.7880,10.9684,16.5589
3.7920,11.1457,16.6082
3.7960,11.7138,17.2255
3.8000,11.7138,17.2267
3.8040,11.7138,17.2267
3.8080,11.7138,17.4713
3.8120,11.8148,17.8945
3.8160,12.4488,17.8945
3.8200,12.4488,17.8945
3.8240,12.4488,18.5076
3.8280,12.4488,18.8962
3.8320,12.6482,18.8962
3.8360,13.3085,18.8962
3.8400,13.3085,19.4269
3.8440,13.3085,19.5640
3.8480,13.3085,19.5640
3.8520,13.4954,19.7097
3.8560,14.1426,20.1964
3.8600,14.1426,20.2319
3.8640,14.1426,20.6779
3.8680,14.1426,20.8997
3.8720,14.3467,20.8997
3.8760,15.0435,20.8997
3.8800,15.0435,20.8997
3.8840,15.0435,21.3471
3.8880,15.0435,21.7198
3.8920,15.2391,21.9014
3.8960,15.9134,21.9113
3.9000,15.9134,22.1785
3.9040,15.9134,22.4546
3.9080,15.9134,22.5692
3.9120,16.0857,22.6481
3.9160,16.8008,22.9217
3.9200,16.8008,23.1871
3.9240,16.8008,23.2370
3.9280,16.8008,23.5039
3.9320,16.8008,23.9049
3.9360,17.6590,23.9049
3.9400,17.6590,23.9049
3.9440,17.6590,24.3595
3.9480,17.6590,24.5727
3.9520,17.8646,24.7635
3.9560,18.5808,25.2405
3.9600,18.5808,25.2405
3.9640,18.5808,25.2405
3.9680,18.5808,25.5272
3.9720,18.7728,26.0008
3.9760,19.4688,26.2422
3.9800,19.4688,26.2422
3.9840,19.4688,26.4827
3.9880,19.4688,26.7421
3.9920,19.6385,26.9100
3.9960,20.3775,26.9100
4.0000,20.4164,27.1939
4.0040,20.4164,27.4801
4.0080,20.4164,27.5779
4.0120,20.6249,27.6707
4.0160,21.3713,27.9348
4.0200,21.3713,28.2175
4.0240,21.3713,28.2457
4.0280,21.3713,28.3958
4.0320,21.3713,28.6833
4.0360,21.6012,28.9135
4.0400,22.3324,28.9135
4.0440,22.3324,29.3986
4.0480,22.3324,29.5813
4.0520,22.3324,29.5813
4.0560,22.5370,29.6436
4.0600,23.2989,30.1965
4.0640,23.2989,30.2491
4.0680,23.2989,30.2491
4.0720,23.2989,30.4737
4.0760,23.4901,30.9470
4.0800,24.2256,31.2330
4.0840,24.2256,31.2509
4.0880,24.2256,31.4155
4.0920,24.4176,31.5848
4.0960,25.1623,31.9187
4.1000,25.1623,31.9187
4.1040,25.1623,32.4403
4.1080,25.1623,32.5865
4.1120,25.1623,32.5865
4.1160,25.3958,32.6832
4.1200,26.1522,33.2216
4.1240,26.1522,33.2543
4.1280,26.1522,33.2543
4.1320,26.1522,33.4875
4.1360,26.3785,33.9713
4.1400,27.0991,34.2388
4.1440,27.0991,34.2560
4.1480,27.0991,34.6343
4.1520,27.0991,34.9239
4.1560,27.3313,34.9239
4.1600,28.1424,34.9239
4.1640,28.1424,35.4626
4.1680,28.1424,35.5917
4.1720,28.1424,35.5917
4.1760,28.1424,35.5917
4.1800,29.1357,36.2276
4.1840,29.1357,36.2595
4.1880,29.1357,36.6303
4.1920,29.1357,36.9273
4.1960,29.1357,36.9273
4.2000,29.1357,36.9323
4.2040,29.1357,37.4504
4.2080,29.1357,37.5951
4.2120,29.1357,37.5951
4.2160,29.3836,37.6974
4.2200,30.2636,38.2364
4.2240,30.2636,38.2630
4.2280,30.2636,38.2630
4.2320,30.2636,38.5114
4.2360,30.3961,38.9308
4.2400,31.3302,38.9308
4.2440,31.3302,38.9308
4.2480,31.3302,39.3182
4.2520,31.3302,39.7359
4.2560,31.5512,39.9325
4.2600,32.4326,39.9325
4.2640,32.4326,40.2134
4.2680,32.4326,40.4766
4.2720,32.4326,40.6003
4.2760,32.5731,40.6561
4.2800,33.5217,40.9344
4.2840,33.5217,41.2063
4.2880,33.5217,41.2681
4.2920,33.5217,41.2681
4.2960,33.5217,41.9360
4.3000,33.5217,41.9360
4.3040,33.5217,41.9360
4.3080,33.5217,42.3433
4.3120,33.5217,42.7458
4.3160,33.8070,42.9377
4.3200,34.7326,42.9512
4.3240,34.7326,43.2370
4.3280,34.7326,43.2716
4.3320,34.7326,43.2716
4.3360,34.9682,43.2716
4.3400,35.8711,43.3002
4.3440,35.8711,43.8507
4.3480,35.8711,44.1668
4.3520,35.8711,44.2733
4.3560,36.1378,44.3618
4.3600,36.9914,44.6072
4.3640,36.9914,44.6072
4.3680,36.9914,44.6072
4.3720,36.9914,44.9053
4.3760,37.1873,45.3614
4.3800,38.0069,45.6090
4.3840,38.0069,45.6090
4.3880,38.0069,45.6090
4.3920,38.0069,45.6090
4.3960,38.2280,45.6090
4.4000,39.0205,45.6090
4.4040,39.0205,45.6090
4.4080,39.0205,45.6090
4.4120,39.0205,45.6090
4.4160,39.2238,45.6090
4.4200,39.8989,45.6090
4.4240,39.8989,45.6090
4.4280,39.8989,45.6090
4.4320,39.8989,45.6090
4.4360,40.0732,45.6090
4.4400,40.6603,45.6090
4.4440,40.6603,45.6090
4.4480,40.6603,45.6090
4.4520,40.6603,45.6090
4.4560,40.6603,45.6090
4.4600,40.8101,45.6090
4.4640,41.3201,45.6090
4.4680,41.3201,45.6090
4.4720,41.3201,45.6090
4.4760,41.3201,45.6090
4.4800,41.4668,45.6090
4.4840,41.8920,45.6090
4.4880,41.8920,45.6090
4.4920,41.8920,45.6090
4.4960,41.8920,45.6090
4.5000,42.0082,45.6090
4.5040,42.3876,45.6090
4.5080,42.3876,45.6090
4.5120,42.3876,45.6090
4.5160,42.3876,45.6090
4.5200,42.4770,45.6090
4.5240,42.8171,45.6090
4.5280,42.8171,45.6090
4.5320,42.8171,45.6090
4.5360,42.8171,45.6090
4.5400,42.8953,45.6090
4.5440,43.1893,45.6090
4.5480,43.1893,45.6090
4.5520,43.1893,45.6090
4.5560,43.1893,45.6090
4.5600,43.2578,45.6090
4.5640,43.5119,45.6090
4.5680,43.5119,45.6090
4.5720,43.5119,45.6090
4.5760,43.5119,45.6090
4.5800,43.5789,45.6090
4.5840,43.7915,45.6090
4.5880,43.7915,45.6090
4.5920,43.7915,45.6090
4.5960,43.7915,45.6090
4.6000,43.7915,45.6090
4.6040,43.8459,45.6090
4.6080,44.0339,45.6090
4.6120,44.0339,45.6090
4.6160,44.0339,45.6090
4.6200,44.0827,45.6090
4.6240,44.2439,45.6090
4.6280,44.2439,45.6090
4.6320,44.2439,45.6090
4.6360,44.2439,45.6090
4.6400,44.2876,45.6090
4.6440,44.4259,45.6090
4.6480,44.4259,45.6090
4.6520,44.4259,45.6090
4.6560,44.4632,45.6090
4.6600,44.6224,45.6090
4.6640,44.7788,45.6090
4.6680,44.9328,45.6090
4.6720,45.0943,45.6090
4.6760,45.2503,45.6090
4.6800,45.4101,45.6090
4.6840,45.5472,45.6090
4.6880,45.6090,45.6090
4.6920,45.6090,45.6090
4.6960,45.6090,45.6090
4.7000,45.6090,45.6090
4.7040,45.6090,45.6090
4.7080,45.6090,45.6090
4.7120,45.6090,45.6090
4.7160,45.6090,45.6090
4.7200,45.6090,45.6090
4.7240,45.6090,45.6090
4.7280,45.6090,45.6090
4.7320,45.6090,45.6090
4.7360,45.6090,45.6090
4.7400,45.6090,45.6090
4.7440,45.6090,45.6090
4.7480,45.6090,45.6090
4.7520,45.6090,45.6090
4.7560,45.6090,45.6090
4.7600,45.6090,45.6090
4.7640,45.6090,45.6090
4.7680,45.6090,45.6090
4.7720,45.6090,45.6090
4.7760,45.6090,45.6090
4.7800,45.6090,45.6090
4.7840,45.6090,45.6090
4.7880,45.6090,45.6090
4.7920,45.6090,45.6090
4.7960,45.6090,45.6090
4.8000,45.6090,45.6090
4.8040,45.6090,45.6090
4.8080,45.6090,45.6090
4.8120,45.6090,45.6090
4.8160,45.6090,45.6090
4.8200,45.6090,45.4958
4.8240,45.6090,44.9094
4.8280,45.6090,44.6495
4.8320,45.6090,44.1502
4.8360,45.6090,43.6151
4.8400,45.6090,43.1867
4.8440,45.5653,42.9443
4.8480,45.2973,42.6518
4.8520,45.2973,42.3821
4.8560,45.2973,42.2699
4.8600,45.2131,42.1045
4.8640,44.8937,41.5567
4.8680,44.8937,40.9975
4.8720,44.8937,40.7079
4.8760,44.8937,40.3002
4.8800,44.7812,39.8517
4.8840,44.3212,39.5747
4.8880,44.3212,39.2994
4.8920,44.3212,38.8139
4.8960,44.3212,38.4382
4.9000,44.1644,38.1750
4.9040,43.5580,37.9309
4.9080,43.5580,37.3398
4.9120,43.5580,37.2612
4.9160,43.5580,36.9207
4.9200,43.5580,36.4928
4.9240,43.3789,36.2275
4.9280,42.6294,35.9661
4.9320,42.6294,35.4384
4.9360,42.6294,35.2578
4.9400,42.4294,34.9589
4.9440,41.6465,34.2216
4.9480,41.6465,33.9535
4.9520,41.6465,33.6785
4.9560,41.6465,33.2403
4.9600,41.6465,32.8239
4.9640,41.3807,32.5865
4.9680,40.4830,32.5865
4.9720,40.4830,31.8492
4.9760,40.4830,31.4056
4.9800,40.4830,31.2509
4.9840,40.3660,31.2509
4.9880,39.2520,31.2509
4.9920,39.2520,30.5627
4.9960,39.2520,29.8990
5.0000,39.2520,29.4724
5.0040,38.9710,29.1638
5.0080,37.9626,28.6210
5.0120,37.9626,28.3217
5.0160,37.9626,28.0596
5.0200,37.9626,27.7008
5.0240,37.7291,27.2440
5.0280,36.6225,27.2440
5.0320,36.6225,27.2440
5.0360,36.6225,26.6955
5.0400,36.6225,26.1367
5.0440,36.3353,25.8358
5.0480,35.2385,25.2523
5.0520,35.2385,24.9849
5.0560,35.2385,24.7221
5.0600,35.2385,24.3592
5.0640,34.9877,23.9049
5.0680,33.8164,23.9049
5.0720,33.8164,23.3896
5.0760,33.8164,23.2370
5.0800,33.8164,23.0055
5.0840,33.5961,22.5427
5.0880,32.4058,22.2880
5.0920,32.4058,21.7819
5.0960,32.4058,21.3890
5.1000,32.4058,20.9990
5.1040,32.2173,20.5071
5.1080,30.9162,20.2418
5.1120,30.9162,19.7039
5.1160,30.9162,19.5640
5.1200,30.9162,19.4418
5.1240,30.7425,19.1773
5.1280,29.4025,18.9167
5.1320,29.4025,18.3718
5.1360,29.4025,17.8184
5.1400,29.4025,17.4193
5.1440,29.1372,17.1638
5.1480,27.8236,16.9381
5.1520,27.8236,16.3808
5.1560,27.8236,16.0208
5.1600,27.8236,15.7571
5.1640,27.6085,15.4948
5.1680,26.2326,15.2110
5.1720,26.2326,14.6531
5.1760,26.2326,14.5554
5.1800,26.2326,14.2957
5.1840,25.9243,13.8175
5.1880,24.6756,13.5609
5.1920,24.6756,12.9877
5.1960,24.6756,12.6699
5.2000,24.6756,12.2549
5.2040,24.3440,11.7976
5.2080,23.0592,11.5278
5.2120,23.0592,11.2617
5.2160,23.0592,10.7729
5.2200,23.0592,10.3922
5.2240,22.6703,10.1261
5.2280,21.3911,9.8807
5.2320,21.3911,9.8807
5.2360,21.3911,9.4223
5.2400,21.3911,8.8986
5.2440,21.0359,8.4632
5.2480,19.7673,8.1978
5.2520,19.7673,7.9120
5.2560,19.7673,7.6484
5.2600,19.7673,7.3838
5.2640,19.3878,7.1179
5.2680,18.1374,6.8755
5.2720,18.1374,6.8755
5.2760,18.1374,6.8755
5.2800,18.1374,6.8755
5.2840,17.7885,6.8755
5.2880,16.6358,6.8755
5.2920,16.6358,6.8755
5.2960,16.6358,6.8755
5.3000,16.6358,6.8755
5.3040,16.6358,6.8755
5.3080,16.3553,6.8755
5.3120,15.3345,6.8755
5.3160,15.3345,6.8755
5.3200,15.3345,6.8755
5.3240,15.0833,6.8755
5.3280,14.2066,6.8755
5.3320,14.2066,6.8755
5.3360,14.2066,6.8755
5.3400,14.2066,6.8755
5.3440,14.2066,6.8755
5.3480,13.9825,6.8755
5.3520,13.2291,6.8755
5.3560,13.2291,6.8755
5.3600,13.2291,6.8755
5.3640,13.0635,6.8755
5.3680,12.3820,6.8755
5.3720,12.3820,6.8755
5.3760,12.3820,6.8755
5.3800,12.3820,6.8755
5.3840,12.3820,6.8755
5.3880,12.2456,6.8755
5.3920,11.6478,6.8755
5.3960,11.6478,6.8755
5.4000,11.6478,6.8755
5.4040,11.6478,6.8755
5.4080,11.5309,6.8755
5.4120,11.0115,6.8755
5.4160,11.0115,6.8755
5.4200,11.0115,6.8755
5.4240,11.0115,6.8755
5.4280,10.8992,6.8755
5.4320,10.4600,6.8755
5.4360,10.4600,6.8755
5.4400,10.4600,6.8755
5.4440,10.4600,6.8755
5.4480,10.3955,6.8755
5.4520,9.9821,6.8755
5.4560,9.9821,6.8755
5.4600,9.9821,6.8755
5.4640,9.9821,6.8755
5.4680,9.8964,6.8755
5.4720,9.5679,6.8755
5.4760,9.5679,6.8755
5.4800,9.5679,6.8755
5.4840,9.5679,6.8755
5.4880,9.5154,6.8755
5.4920,9.2089,6.8755
5.4960,9.2089,6.8755
5.5000,9.2089,6.8755
5.5040,9.2089,6.8755
5.5080,9.1571,6.8755
5.5120,8.8978,6.8755
5.5160,8.8978,6.8755
5.5200,8.8978,6.8755
5.5240,8.8978,6.8755
5.5280,8.8978,6.8755
5.5320,8.8510,6.8755
5.5360,8.6281,6.8755
5.5400,8.6281,6.8755
5.5440,8.6281,6.8755
5.5480,8.5973,6.8755
5.5520,8.3944,6.8755
5.5560,8.3944,6.8755
5.5600,8.3944,6.8755
5.5640,8.3944,6.8755
5.5680,8.3944,6.8755
5.5720,8.3581,6.8755
5.5760,8.1919,6.8755
5.5800,8.1919,6.8755
5.5840,8.1919,6.8755
5.5880,8.1755,6.8755
5.5920,8.0164,6.8755
5.5960,8.0164,6.8755
5.6000,8.0164,6.8755
5.6040,8.0164,6.8755
5.6080,7.9998,6.8755
5.6120,7.8643,6.8755
5.6160,7.8643,6.8755
5.6200,7.8643,6.8755
5.6240,7.8643,6.8755
5.6280,7.8501,6.9350
5.6320,7.7324,7.2094
5.6360,7.7324,7.2094
5.6400,7.7324,7.2094
5.6440,7.7324,7.6503
5.6480,7.7324,8.2939
5.6520,7.7411,8.5695
5.6560,7.7963,9.1241
5.6600,7.7963,9.2129
5.6640,7.7963,9.2129
5.6680,7.7963,9.4428
5.6720,7.8215,10.2146
5.6760,7.9851,10.2146
5.6800,7.9851,10.2146
5.6840,7.9851,10.5142
5.6880,7.9851,10.8824
5.6920,7.9851,10.8824
5.6960,7.9851,11.1602
5.7000,7.9851,11.4383
5.7040,7.9851,11.5502
5.7080,7.9851,11.6860
5.7120,8.0378,12.1885
5.7160,8.4605,12.4997
5.7200,8.4605,12.5519
5.7240,8.4605,12.7076
5.7280,8.4605,12.9700
5.7320,8.4977,13.2061
5.7360,9.0505,13.2198
5.7400,9.0505,13.6562
5.7440,9.0505,13.8876
5.7480,9.0505,13.8876
5.7520,9.1250,13.9195
5.7560,9.6955,14.4682
5.7600,9.6955,14.7664
5.7640,9.6955,14.8893
5.7680,9.6955,15.0538
5.7720,9.7633,15.5571
5.7760,10.3880,15.5571
5.7800,10.3880,15.5571
5.7840,10.3880,15.8713
5.7880,10.3880,16.3624
5.7920,10.3880,16.5589
5.7960,10.3880,16.5589
5.8000,10.3880,17.0155
5.8040,10.3880,17.2267
5.8080,10.3880,17.2267
5.8120,10.4385,17.3288
5.8160,11.2998,18.1508
5.8200,11.2998,18.2284
5.8240,11.2998,18.5552
5.8280,11.2998,18.8962
5.8320,11.3929,18.8962
5.8360,12.3127,18.8962
5.8400,12.3127,19.3850
5.8440,12.3127,19.5640
5.8480,12.3127,19.5640
5.8520,12.4066,19.5891
5.8560,13.2795,20.4709
5.8600,13.2795,20.5658
5.8640,13.2795,20.5658
5.8680,13.2795,20.7681
5.8720,13.3666,21.2759
5.8760,14.2510,21.5444
5.8800,14.2510,21.5675
5.8840,14.2510,21.7288
5.8880,14.2510,21.9743
5.8920,14.2919,22.2353
5.8960,15.2711,22.2353
5.9000,15.2711,22.7081
5.9040,15.2711,23.0797
5.9080,15.2711,23.2370
5.9120,15.3489,23.2774
5.9160,16.3332,23.5290
5.9200,16.3332,23.8093
5.9240,16.3332,23.9049
5.9280,16.3332,24.1205
5.9320,16.4150,24.5727
5.9360,17.3428,24.5727
5.9400,17.3428,24.5727
5.9440,17.3428,25.1575
5.9480,17.3428,25.5744
5.9520,17.3503,25.6482
5.9560,18.4403,26.2321
5.9600,18.4403,26.2422
5.9640,18.4403,26.2422
5.9680,18.4403,26.4892
5.9720,18.5473,26.9572
5.9760,19.4806,27.2358
5.9800,19.4806,27.2440
5.9840,19.4806,27.4167
5.9880,19.4806,27.6835
5.9920,19.4806,27.9118
5.9960,19.5621,27.9118
6.0000,20.6047,28.4231
6.0040,20.6047,28.5796
6.0080,20.6047,28.5796
6.0120,20.6047,28.6286
6.0160,21.6680,29.1813
6.0200,21.6680,29.5083
6.0240,21.6680,29.5813
6.0280,21.6680,29.8278
6.0320,21.6680,30.2491
6.0360,21.7533,30.2491
6.0400,22.8122,30.2491
6.0440,22.8122,30.6299
6.0480,22.8122,31.0479
6.0520,22.8791,31.2509
6.0560,23.8928,31.2509
6.0600,23.8928,31.7911
6.0640,23.8928,31.9187
6.0680,23.8928,31.9187
6.0720,23.8928,32.1333
6.0760,23.9127,32.8703
6.0800,24.9629,32.9204
6.0840,24.9629,33.3171
6.0880,24.9629,33.5882
6.0920,24.9629,33.5882
6.0960,25.0077,33.5882
6.1000,26.1130,34.1224
6.1040,26.1130,34.4629
6.1080,26.1130,34.5900
6.1120,26.1130,34.5900
6.1160,26.1654,34.5900
6.1200,27.2432,35.1610
6.1240,27.2432,35.4724
6.1280,27.2432,35.5917
6.1320,27.2432,35.7345
6.1360,27.2451,36.2074
6.1400,28.3564,36.2595
6.1440,28.3564,36.2595
6.1480,28.3564,36.7159
6.1520,28.3564,37.2612
6.1560,28.3909,37.2612
6.1600,29.5437,37.2612
6.1640,29.5437,37.6986
6.1680,29.5437,37.9290
6.1720,29.5437,37.9290
6.1760,29.5650,37.9290
6.1800,30.6617,38.7740
6.1840,30.6617,38.9308
6.1880,30.6617,38.9520
6.1920,30.6617,39.3554
6.1960,30.7099,39.5865
6.2000,31.8088,39.5986
6.2040,31.8088,40.0550
6.2080,31.8088,40.4292
6.2120,31.8088,40.6003
6.2160,31.8642,40.6637
6.2200,32.9810,41.1493
6.2240,32.9810,41.2681
6.2280,32.9810,41.2681
6.2320,32.9810,41.4478
6.2360,33.0031,41.9360
6.2400,34.0859,41.9360
6.2440,34.0859,41.9360
6.2480,34.0859,42.2710
6.2520,34.0859,42.6956
6.2560,34.1226,42.9377
6.2600,35.1565,42.9377
6.2640,35.2217,43.4000
6.2680,35.2217,43.6055
6.2720,35.2217,43.6055
6.2760,35.2634,43.7445
6.2800,36.3395,44.5362
6.2840,36.3395,44.6072
6.2880,36.3395,44.6072
6.2920,36.3395,44.8243
6.2960,36.3710,45.2750
6.3000,37.4419,45.2750
6.3040,37.4419,45.2750
6.3080,37.4419,45.4577
6.3120,37.4419,45.6090
6.3160,37.4419,45.6090
6.3200,37.4733,45.6090
6.3240,38.5308,45.6090
6.3280,38.5308,45.6090
6.3320,38.5308,45.6090
6.3360,38.5308,45.6090
6.3400,38.5646,45.6090
6.3440,39.4733,45.6090
6.3480,39.4746,45.6090
6.3520,39.4746,45.6090
6.3560,39.4784,45.6090
6.3600,40.2925,45.6090
6.3640,40.2925,45.6090
6.3680,40.2925,45.6090
6.3720,40.2925,45.6090
6.3760,40.2925,45.6090
6.3800,40.2925,45.6090
6.3840,40.9979,45.6090
6.3880,41.0013,45.6090
6.3920,41.0013,45.6090
6.3960,41.0139,45.6090
6.4000,41.6157,45.6090
6.4040,41.6157,45.6090
6.4080,41.6157,45.6090
6.4120,41.6157,45.6090
6.4160,41.6157,45.6090
6.4200,41.6212,45.6090
6.4240,42.1481,45.6090
6.4280,42.1481,45.6090
6.4320,42.1481,45.6090
6.4360,42.1481,45.6090
6.4400,42.1574,45.6090
6.4440,42.5765,45.6090
6.4480,42.6096,45.6090
6.4520,42.6096,45.6090
6.4560,42.6096,45.6090
6.4600,42.6096,45.6090
6.4640,43.0095,45.6090
6.4680,43.0095,45.6090
6.4720,43.0095,45.6090
6.4760,43.0095,45.6090
6.4800,43.0095,45.6090
6.4840,43.3561,45.6090
6.4880,43.3561,45.6090
6.4920,43.3561,45.6090
6.4960,43.3561,45.6090
6.5000,43.3561,45.6090
6.5040,43.6565,45.6090
6.5080,43.6565,45.6090
6.5120,43.6565,45.6090
6.5160,43.6565,45.6090
6.5200,43.6565,45.6090
6.5240,43.6565,45.6090
6.5280,43.9106,45.6090
6.5320,43.9168,45.6090
6.5360,43.9168,45.6090
6.5400,43.9168,45.6090
6.5440,44.1424,45.6090
6.5480,44.1424,45.6090
6.5520,44.1424,45.6090
6.5560,44.1424,45.6090
6.5600,44.1440,45.6090
6.5640,44.3380,45.6090
6.5680,44.3380,45.6090
6.5720,44.3380,45.6090
6.5760,44.3380,45.6090
6.5800,44.3380,45.6090
6.5840,44.5074,45.6090
6.5880,44.5074,45.6090
6.5920,44.5074,45.6090
6.5960,44.5074,45.6090
6.6000,44.5103,45.5577
6.6040,44.6489,45.0695
6.6080,44.6543,44.7400
6.6120,44.6543,44.6072
6.6160,44.6543,44.4510
6.6200,44.6543,43.5935
6.6240,44.6480,43.3186
6.6280,44.6480,43.0423
6.6320,44.6480,42.6438
6.6360,44.6480,42.2115
6.6400,44.6480,41.9285
6.6440,44.3357,41.3773
6.6480,44.3309,41.2681
6.6520,44.3309,41.2681
6.6560,44.3309,41.0000
6.6600,44.3309,40.2463
6.6640,43.9226,39.9798
6.6680,43.9226,39.7204
6.6720,43.9226,39.2936
6.6760,43.9226,38.8318
6.6800,43.9177,38.5409
6.6840,43.2588,38.0609
6.6880,43.2570,37.7145
6.6920,43.2570,37.4315
6.6960,43.2570,37.1745
6.7000,43.2570,36.9273
6.7040,42.4827,36.9273
6.7080,42.4576,36.2513
6.7120,42.4576,35.7592
6.7160,42.4576,35.4871
6.7200,42.4576,35.1859
6.7240,42.4576,34.6719
6.7280,41.5535,34.3670
6.7320,41.4976,34.0985
6.7360,41.4976,33.7325
6.7400,41.4806,33.2238
6.7440,40.5632,32.9709
6.7480,40.4875,32.4763
6.7520,40.4875,32.0856
6.7560,40.4875,31.8211
6.7600,40.4875,31.5787
6.7640,39.4063,31.3100
6.7680,39.3450,31.2509
6.7720,39.3450,30.7284
6.7760,39.3450,30.1476
6.7800,39.3450,29.8922
6.7840,38.1673,29.6294
6.7880,38.1322,29.0030
6.7920,38.1322,28.7418
6.7960,38.1322,28.4888
6.8000,38.1322,28.2043
6.8040,38.1322,27.9597
6.8080,36.9036,27.9118
6.8120,36.8140,27.3766
6.8160,36.8140,26.7901
6.8200,36.8140,26.5244
6.8240,36.8140,26.2751
6.8280,35.5728,25.7765
6.8320,35.4490,25.4010
6.8360,35.4490,25.0037
6.8400,35.4490,24.5140
6.8440,35.4490,24.2585
6.8480,34.0663,23.9885
6.8520,33.9988,23.7230
6.8560,33.9988,23.5710
6.8600,33.9988,23.4903
6.8640,33.9988,22.9575
6.8680,32.6649,22.6428
6.8720,32.6084,22.1736
6.8760,32.6084,21.6411
6.8800,32.6084,21.1731
6.8840,32.5979,20.9191
6.8880,31.2226,20.6560
6.8920,31.0918,20.1956
6.8960,31.0918,19.7714
6.9000,31.0918,19.4450
6.9040,31.0918,18.9250
6.9080,29.6218,18.8962
6.9120,29.5547,18.6995
6.9160,29.5547,18.2919
6.9200,29.5547,17.8292
6.9240,29.5547,17.5835
6.9280,28.1052,17.5606
6.9320,28.0000,16.9283
6.9360,28.0000,16.4179
6.9400,28.0000,16.0962
6.9440,28.0000,15.5600
6.9480,26.4539,15.2860
6.9520,26.4300,15.0140
6.9560,26.4300,14.6000
6.9600,26.4300,14.1435
6.9640,26.4300,13.8762
6.9680,24.8525,13.6153
6.9720,24.8022,13.5537
6.9760,24.8022,13.2644
6.9800,24.8022,12.7502
6.9840,24.8022,12.2651
6.9880,23.3327,11.9576
6.9920,23.2134,11.6768
6.9960,23.2134,11.2594
7.0000,23.2134,10.8046
7.0040,23.2134,10.5500
7.0080,21.6639,10.0067
7.0120,21.5692,9.8807
7.0160,21.5692,9.8807
7.0200,21.5692,9.6790
7.0240,21.5692,8.8771
7.0280,20.1079,8.6050
7.0320,20.0108,8.1166
7.0360,20.0108,7.7271
7.0400,20.0108,7.4600
7.0440,20.0108,7.1913
7.0480,18.3777,6.9329
7.0520,18.3484,6.8755
7.0560,18.3484,6.8755
7.0600,18.3484,6.8755
7.0640,18.3472,6.8755
7.0680,16.8723,6.8755
7.0720,16.8187,6.8755
7.0760,16.8187,6.8755
7.0800,16.8187,6.8755
7.0840,16.8187,6.8755
7.0880,15.5708,6.8755
7.0920,15.4930,6.8755
7.0960,15.4930,6.8755
7.1000,15.4930,6.8755
7.1040,15.4930,6.8755
7.1080,14.3761,6.8755
7.1120,14.3440,6.8755
7.1160,14.3440,6.8755
7.1200,14.3440,6.8755
7.1240,14.3440,6.8755
7.1280,14.3440,6.8755
7.1320,13.3599,6.8755
7.1360,13.3482,6.8755
7.1400,13.3482,6.8755
7.1440,13.3482,6.8755
7.1480,13.3482,6.8755
7.1520,12.5010,6.8755
7.1560,12.4851,6.8755
7.1600,12.4851,6.8755
7.1640,12.4851,6.8755
7.1680,11.7709,6.8755
7.1720,11.7372,6.8755
7.1760,11.7372,6.8755
7.1800,11.7372,6.8755
7.1840,11.7372,6.8755
7.1880,11.1376,6.8755
7.1920,11.0890,6.8755
7.1960,11.0890,6.8755
7.2000,11.0890,6.8755
7.2040,11.0890,6.8755
7.2080,11.0890,6.8755
7.2120,10.5350,6.8755
7.2160,10.5272,6.8755
7.2200,10.5272,6.8755
7.2240,10.5272,6.8755
7.2280,10.5272,6.8755
7.2320,10.0503,6.8755
7.2360,10.0403,6.8755
7.2400,10.0403,6.8755
7.2440,10.0403,6.8755
7.2480,10.0403,6.8755
7.2520,9.6288,6.8755
7.2560,9.6183,6.8755
7.2600,9.6183,6.8755
7.2640,9.6183,6.8755
7.2680,9.6183,6.8755
7.2720,9.2558,6.8755
7.2760,9.2526,6.8755
7.2800,9.2526,6.8755
7.2840,9.2526,6.8755
7.2880,8.9621,6.8755
7.2920,8.9357,6.8755
7.2960,8.6755,6.8755
7.3000,8.6610,6.8755
7.3040,8.6610,6.8755
7.3080,8.6610,6.8755
7.3120,8.4277,6.8755
7.3160,8.4229,6.8755
7.3200,8.4229,6.8755
7.3240,8.4229,6.8755
7.3280,8.4229,6.8755
7.3320,8.2231,6.8755
7.3360,8.2166,6.8755
7.3400,8.2166,6.8755
7.3440,8.2166,6.8755
7.3480,8.2166,6.8755
7.3520,8.2159,6.8755
7.3560,8.0415,6.8755
7.3600,8.0378,6.8755
7.3640,8.0378,6.8755
7.3680,8.0378,6.8755
7.3720,8.0378,6.8755
7.3760,7.8870,6.8755
7.3800,7.8828,6.8755
7.3840,7.8828,6.8755
7.3880,7.8828,6.8755
7.3920,7.8825,6.8755
7.3960,7.7500,6.8755
7.4000,7.7485,6.8755
7.4040,7.7485,6.8755
7.4080,7.6367,6.8755
7.4120,7.5173,6.8755
7.4160,7.3982,6.8755
7.4200,7.2865,6.8755
7.4240,7.1677,6.8755
7.4280,7.0546,6.8755
7.4320,6.9345,6.8755
7.4360,6.8767,6.8755
7.4400,6.8755,6.8755
7.4440,6.8755,6.8755
7.4480,6.8755,6.8755
7.4520,6.8755,6.8755
7.4560,6.8755,6.8755
7.4600,6.8755,6.8755
7.4640,6.8755,6.8755
7.4680,6.8755,6.8755
7.4720,6.8755,6.8755
7.4760,6.8755,6.8755
7.4800,6.8755,6.8755
7.4840,6.8755,6.8755
7.4880,6.8755,6.8755
7.4920,6.8755,6.8755
7.4960,6.8755,6.8755
7.5000,6.8755,6.8755
7.5040,6.8755,6.8755
7.5080,6.8755,6.8755
7.5120,6.8755,6.8755
7.5160,6.8755,6.8755
7.5200,6.8755,6.8755
7.5240,6.8755,6.8755
7.5280,6.8755,6.8755
7.5320,6.8755,6.8755
7.5360,6.8755,6.8755
7.5400,6.8755,6.8755
7.5440,6.8755,6.8755
7.5480,6.8755,6.8755
7.5520,6.8755,6.8755
7.5560,6.8755,6.8755
7.5600,6.8755,6.8755
7.5640,6.8755,6.8755
7.5680,6.8755,6.8755
7.5720,6.8755,6.8755
7.5760,6.8755,6.8755
7.5800,6.8755,6.8755
7.5840,6.8755,6.8755
7.5880,6.8755,6.8755
7.5920,6.8755,6.8755
7.5960,6.8755,6.8755
7.6000,6.8755,6.8755
7.6040,6.8755,6.8755
7.6080,6.8755,6.8755
7.6120,6.8755,6.8755
7.6160,6.8755,6.8755
7.6200,6.8755,6.8755
7.6240,6.8755,6.8755
7.6280,6.8755,6.8755
7.6320,6.8755,6.8755
7.6360,6.8755,6.8755
7.6400,6.8755,6.8755
7.6440,6.8755,6.8755
7.6480,6.8755,6.8755
7.6520,6.8755,6.8755
7.6560,6.8755,6.8755
7.6600,6.8755,6.8755
7.6640,6.8755,6.8755
7.6680,6.8755,6.8755
7.6720,6.8755,6.8755
7.6760,6.8755,6.8755
7.6800,6.8755,6.8755
7.6840,6.8755,6.8755
7.6880,6.8755,6.8755
7.6920,6.8755,6.8755
7.6960,6.8755,6.8755
7.7000,6.8755,6.8755
7.7040,6.8755,6.8755
7.7080,6.8755,6.8755
7.7120,6.8755,6.8755
7.7160,6.8755,6.8755
7.7200,6.8755,6.8755
7.7240,6.8755,6.9945
7.7280,6.8755,7.2094
7.7320,6.8755,7.2094
7.7360,6.9175,7.6895
7.7400,6.9200,7.8772
7.7440,6.9200,8.1008
7.7480,6.9200,8.6243
7.7520,6.9200,9.1326
7.7560,7.1255,9.4617
7.7600,7.1367,9.5468
7.7640,7.1367,9.7928
7.7680,7.1367,10.2146
7.7720,7.1367,10.2146
7.7760,7.5302,10.2146
7.7800,7.5471,10.5611
7.7840,7.5471,10.8824
7.7880,7.5471,10.8824
7.7920,7.5471,10.8824
7.7960,7.9784,11.4037
7.8000,7.9918,11.9450
7.8040,7.9918,12.2180
7.8080,7.9918,12.2180
7.8120,7.9918,12.2180
7.8160,8.5448,12.7269
7.8200,8.5553,12.8859
7.8240,8.5553,13.1355
7.8280,8.5553,13.5537
7.8320,8.5553,13.5537
7.8360,9.1615,13.5537
7.8400,9.2217,13.9117
7.8440,9.2217,14.3467
7.8480,9.2217,14.5554
7.8520,9.2217,14.5554
7.8560,9.9253,15.0746
7.8600,9.9329,15.2232
7.8640,9.9329,15.2232
7.8680,9.9329,15.2705
7.8720,9.9329,15.5491
7.8760,10.6255,15.8045
7.8800,10.6383,15.8910
7.8840,10.6383,16.1479
7.8880,10.6383,16.6334
7.8920,10.6383,16.8928
7.8960,11.4090,16.8928
7.9000,11.4277,17.2927
7.9040,11.4277,17.5606
7.9080,11.4277,17.5606
7.9120,11.4277,17.5606
7.9160,12.2187,18.0825
7.9200,12.2454,18.4379
7.9240,12.2454,18.5623
7.9280,12.2454,18.6929
7.9320,12.2454,19.1432
7.9360,13.0618,19.4722
7.9400,13.0877,19.5640
7.9440,13.0877,19.7059
7.9480,13.0877,19.9692
7.9520,13.0877,20.2319
7.9560,13.9957,20.2319
7.9600,13.9957,20.6194
7.9640,13.9957,21.0161
7.9680,13.9957,21.2336
7.9720,13.9957,21.2535
7.9760,14.9514,21.5196
7.9800,14.9607,21.7760
7.9840,14.9607,21.9014
7.9880,14.9607,21.9776
7.9920,14.9607,22.2065
7.9960,15.8471,22.5004
8.0000,15.8862,22.5692
8.0040,15.8862,22.5692
8.0080,15.8862,22.8400
8.0120,15.8862,23.5710
8.0160,16.7772,23.5710
8.0200,16.7772,24.0135
8.0240,16.7772,24.2388
8.0280,16.7772,24.2388
8.0320,16.7772,24.2388
8.0360,17.7403,24.2388
8.0400,17.7721,24.2388
8.0440,17.7721,24.5546
8.0480,17.7721,25.0765
8.0520,17.7721,25.6058
8.0560,17.7721,25.8567
8.0600,18.7432,25.9083
8.0640,18.8124,26.0635
8.0680,18.8124,26.3326
8.0720,18.8124,26.5761
8.0760,19.7526,26.5761
8.0800,19.8031,26.9632
8.0840,19.8031,27.2440
8.0880,19.8031,27.2440
8.0920,19.8031,27.2815
8.0960,20.7661,27.8174
8.1000,20.7952,28.1529
8.1040,20.7952,28.2457
8.1080,20.7952,28.3547
8.1120,20.7952,28.5796
8.1160,20.7952,28.5796
8.1200,21.7820,28.5796
8.1240,21.8331,29.0878
8.1280,21.8331,29.5813
8.1320,21.8331,29.5813
8.1360,21.8331,29.5813
8.1400,22.8388,30.0664
8.1440,22.8662,30.2491
8.1480,22.8662,30.4681
8.1520,22.8662,30.9170
8.1560,22.8662,30.9170
8.1600,23.9277,30.9170
8.1640,23.9396,31.2817
8.1680,23.9396,31.5848
8.1720,23.9396,31.5848
8.1760,24.9160,31.5848
8.1800,24.9590,32.0166
8.1840,24.9590,32.2526
8.1880,24.9590,32.2526
8.1920,24.9590,32.3520
8.1960,24.9590,32.8697
8.2000,25.8970,33.1708
8.2040,25.9315,33.2543
8.2080,25.9315,33.3721
8.2120,25.9315,33.6217
8.2160,25.9315,33.8714
8.2200,26.8979,33.9221
8.2240,26.9524,34.2949
8.2280,26.9524,34.5900
8.2320,26.9524,34.5900
8.2360,26.9524,34.5900
8.2400,27.9419,34.5900
8.2440,27.9707,35.1175
8.2480,27.9707,35.5917
8.2520,27.9707,35.6444
8.2560,27.9707,35.9118
8.2600,28.9654,36.1738
8.2640,28.9868,36.2595
8.2680,28.9868,36.3823
8.2720,28.9868,36.6473
8.2760,28.9868,36.9180
8.2800,29.9656,36.9273
8.2840,30.0011,37.1094
8.2880,30.0011,37.3927
8.2920,30.0011,37.5951
8.2960,30.0011,37.5951
8.3000,30.9627,37.8482
8.3040,31.0136,38.1164
8.3080,31.0136,38.2630
8.3120,31.0136,38.3006
8.3160,31.0136,38.5759
8.3200,31.9483,38.8616
8.3240,31.9802,38.9308
8.3280,31.9802,39.2132
8.3320,31.9802,39.5986
8.3360,31.9802,39.5986
8.3400,32.9582,39.5986
8.3440,32.9960,39.9950
8.3480,32.9960,40.2664
8.3520,32.9960,40.2664
8.3560,32.9960,40.3134
8.3600,33.9542,41.0643
8.3640,33.9654,41.2681
8.3680,33.9654,41.2681
8.3720,33.9654,41.3858
8.3760,33.9654,41.9360
8.3800,34.8789,41.9360
8.3840,34.9391,42.1460
8.3880,34.9391,42.4250
8.3920,34.9391,42.6038
8.3960,34.9391,42.6177
8.4000,35.9384,42.8817
8.4040,35.9610,43.1546
8.4080,35.9610,43.2716
8.4120,35.9610,43.4016
8.4160,35.9610,43.9394
8.4200,36.9214,43.9394
8.4240,36.9358,43.9394
8.4280,36.9358,44.2254
8.4320,36.9358,44.6072
8.4360,36.9358,44.6072
8.4400,37.9361,44.6072
8.4440,37.9586,45.0545
8.4480,37.9586,45.2750
8.4520,37.9586,45.2750
8.4560,37.9586,45.2750
8.4600,37.9586,45.2750
8.4640,38.9077,45.2750
8.4680,38.9342,45.2750
8.4720,38.9342,45.2750
8.4760,38.9342,45.2750
8.4800,39.7727,45.2750
8.4840,39.7796,45.2750
8.4880,39.7796,45.2750
8.4920,39.7796,45.2750
8.4960,39.7796,45.2750
8.5000,39.7796,45.2750
8.5040,40.5122,45.2750
8.5080,40.5123,45.2750
8.5120,40.5123,45.2750
8.5160,40.5123,45.2750
8.5200,40.5123,45.2750
8.5240,41.1163,45.2750
8.5280,41.1474,45.2750
8.5320,41.1474,45.2750
8.5360,41.1474,45.2750
8.5400,41.1474,45.2750
8.5440,41.6759,45.2750
8.5480,41.6977,45.2750
8.5520,41.6977,45.3751
8.5560,41.6977,45.6090
8.5600,42.1295,45.6090
8.5640,42.1747,45.6090
8.5680,42.1747,45.6090
8.5720,42.1747,45.6090
8.5760,42.1747,45.6090
8.5800,42.1747,45.6090
8.5840,42.6140,45.6090
8.5880,42.6326,45.6090
8.5920,42.6326,45.6090
8.5960,42.6326,45.6090
8.6000,42.6326,45.6090
8.6040,42.9897,45.6090
8.6080,43.0294,45.6090
8.6120,43.0294,45.6090
8.6160,43.0294,45.6090
8.6200,43.0294,45.6090
8.6240,43.3449,45.6090
8.6280,43.3734,45.6090
8.6320,43.3734,45.6090
8.6360,43.3734,45.6090
8.6400,43.3734,45.6090
8.6440,43.6495,45.6090
8.6480,43.6715,45.6090
8.6520,43.6715,45.6090
8.6560,43.6715,45.6090
8.6600,43.6715,45.6090
8.6640,43.8868,45.6090
8.6680,43.9298,45.6090
8.6720,43.9298,45.6090
8.6760,43.9298,45.6090
8.6800,43.9298,45.6090
8.6840,44.1291,45.6090
8.6880,44.1537,45.6090
8.6920,44.1537,45.6090
8.6960,44.1537,45.6090
8.7000,44.1537,45.6090
8.7040,44.3273,45.6090
8.7080,44.3477,45.6090
8.7120,44.3477,45.6090
8.7160,44.3477,45.6090
8.7200,44.3477,45.6090
8.7240,44.4915,45.6090
8.7280,44.5159,45.6090
8.7320,44.5159,45.6090
8.7360,44.5159,45.6090
8.7400,44.5159,45.6090
8.7440,44.6472,45.6090
8.7480,44.6616,45.6090
8.7520,44.6616,45.6090
8.7560,44.6616,45.6090
8.7600,44.6616,45.6090
8.7640,44.7720,45.6090
8.7680,44.7879,45.6090
8.7720,44.7879,45.6090
8.7760,44.7879,45.6090
8.7800,44.7879,45.6090
8.7840,44.8828,45.6090
8.7880,44.8974,45.6090
8.7920,44.8974,45.6090
8.7960,44.8974,45.6090
8.8000,44.8974,45.6090
8.8040,44.9821,45.6090
8.8080,44.9923,45.6090
8.8120,44.9923,45.6090
8.8160,44.9923,45.6090
8.8200,44.9923,45.6090
8.8240,44.9923,45.6090
8.8280,45.0605,45.6090
8.8320,45.0745,45.6090
8.8360,45.0745,45.6090
8.8400,45.0745,45.6090
8.8440,45.0745,45.6090
8.8480,45.1342,45.6090
8.8520,45.1458,45.6090
8.8560,45.1458,45.6090
8.8600,45.1458,45.6090
8.8640,45.1981,45.6090
8.8680,45.2075,45.6090
8.8720,45.2075,45.6090
8.8760,45.2075,45.6090
8.8800,45.2075,45.6090
8.8840,45.2075,45.6090
8.8880,45.2516,45.6090
8.8920,45.2610,45.6090
8.8960,45.2610,45.6090
8.9000,45.2610,45.6090
8.9040,45.2610,45.6090
8.9080,45.2994,45.6090
8.9120,45.3074,45.6090
8.9160,45.3074,45.6090
8.9200,45.3074,45.6090
8.9240,45.3074,45.6090
8.9280,45.3403,45.6090
8.9320,45.3476,45.6090
8.9360,45.3476,45.6090
8.9400,45.3476,45.6090
8.9440,45.3476,45.6090
8.9480,45.3757,45.6090
8.9520,45.3825,45.6090
8.9560,45.3825,45.6090
8.9600,45.3825,45.6090
8.9640,45.3825,45.6090
8.9680,45.4068,45.6090
8.9720,45.4127,45.6090
8.9760,45.4127,45.6090
8.9800,45.4127,45.6090
8.9840,45.4127,45.6090
8.9880,45.4127,45.6090
8.9920,45.4127,45.6090
8.9960,45.4127,45.6090
9.0000,45.4127,45.6090
9.0040,45.4127,45.6090
9.0080,45.4340,45.6090
9.0120,45.4388,45.6090
9.0160,45.4388,45.6090
9.0200,45.4388,45.6090
9.0240,45.4388,45.6090
9.0280,45.4572,45.6090
9.0320,45.4615,45.6090
9.0360,45.4615,45.6090
9.0400,45.4615,45.6090
9.0440,45.4615,45.6090
9.0480,45.4771,45.6090
9.0520,45.4812,45.6090
9.0560,45.4812,45.6090
9.0600,45.4812,45.6090
9.0640,45.4812,45.6090
9.0680,45.4948,45.6090
9.0720,45.4982,45.6090
9.0760,45.4982,45.6090
9.0800,45.4982,45.6090
9.0840,45.4982,45.6090
9.0880,45.5100,45.6090
9.0920,45.5130,45.6090
9.0960,45.5130,45.6090
9.1000,45.5130,45.6090
9.1040,45.5130,45.6090
9.1080,45.5130,45.6090
9.1120,45.5237,45.6090
9.1160,45.5258,45.6090
9.1200,45.5258,45.6090
9.1240,45.5258,45.6090
9.1280,45.5258,45.6090
9.1320,45.5348,45.6090
9.1360,45.5369,45.6090
9.1400,45.5369,45.6090
9.1440,45.5369,45.6090
9.1480,45.5369,45.6090
9.1520,45.5445,45.6090
9.1560,45.5465,45.6090
9.1600,45.5465,45.6090
9.1640,45.5465,45.6090
9.1680,45.5531,45.6090
9.1720,45.5548,45.6090
9.1760,45.5548,45.6090
9.1800,45.5548,45.6090
9.1840,45.5548,45.6090
9.1880,45.5548,45.6090
9.1920,45.5605,45.6090
9.1960,45.5620,45.6090
9.2000,45.5620,45.6090
9.2040,45.5620,45.6090
9.2080,45.5620,45.6090
9.2120,45.5669,45.6090
9.2160,45.5683,45.6090
9.2200,45.5683,45.6090
9.2240,45.5683,45.6090
9.2280,45.5683,45.6090
9.2320,45.5724,45.6090
9.2360,45.5737,45.6090
9.2400,45.5737,45.6090
9.2440,45.5737,45.6090
9.2480,45.5737,45.6090
9.2520,45.5774,45.6090
9.2560,45.5784,45.6090
9.2600,45.5784,45.6090
9.2640,45.5784,45.6090
9.2680,45.5784,45.6090
9.2720,45.5815,45.6090
9.2760,45.5825,45.6090
9.2800,45.5825,45.6090
9.2840,45.5825,45.6090
9.2880,45.5825,45.6090
9.2920,45.5852,45.6090
9.2960,45.5860,45.6090
9.3000,45.5860,45.6090
9.3040,45.5860,45.6090
9.3080,45.5860,45.6090
9.3120,45.5884,45.6090
9.3160,45.5891,45.6090
9.3200,45.5891,45.6090
9.3240,45.5891,45.6090
9.3280,45.5891,45.6090
9.3320,45.5911,45.6090
9.3360,45.5917,45.6090
9.3400,45.5917,45.6090
9.3440,45.5917,45.6090
9.3480,45.5917,45.6090
9.3520,45.5935,45.6090
9.3560,45.5940,45.6090
9.3600,45.5940,45.6090
9.3640,45.5940,45.6090
9.3680,45.5940,45.6090
9.3720,45.5956,45.6090
9.3760,45.5960,45.6090
9.3800,45.5960,45.6090
9.3840,45.5960,45.6090
9.3880,45.5960,45.6090
9.3920,45.5974,45.6090
9.3960,45.5977,45.6090
9.4000,45.5977,45.6090
9.4040,45.5977,45.6090
9.4080,45.5977,45.6090
9.4120,45.5989,45.6090
9.4160,45.5992,45.6090
9.4200,45.5992,45.6090
9.4240,45.5992,45.6090
9.4280,45.5992,45.6090
9.4320,45.5992,45.6090
9.4360,45.6002,45.2584
9.4400,45.6005,44.9411
9.4440,45.6005,44.9411
9.4480,45.6005,44.9411
9.4520,45.5344,44.0281
9.4560,45.5126,43.6055
9.4600,45.5126,43.3824
9.4640,45.5126,42.8887
9.4680,45.5126,42.6319
9.4720,45.5126,42.3612
9.4760,45.2119,42.2699
9.4800,45.1248,42.1969
9.4840,45.1248,41.8934
9.4880,45.1248,41.6276
9.4920,45.1248,41.6020
9.4960,44.7878,41.6020
9.5000,44.6551,41.4880
9.5040,44.6551,41.2681
9.5080,44.6551,41.2681
9.5120,44.6551,41.2681
9.5160,44.3499,40.8506
9.5200,44.2035,40.2664
9.5240,44.2035,40.1681
9.5280,44.2035,39.6692
9.5320,43.8167,39.5986
9.5360,43.6785,39.5986
9.5400,43.6785,39.3678
9.5440,43.6785,38.8819
9.5480,43.6785,38.6223
9.5520,43.6785,38.5969
9.5560,43.1461,38.4105
9.5600,43.0010,38.1390
9.5640,43.0010,37.9290
9.5680,43.0010,37.9290
9.5720,43.0010,37.6764
9.5760,42.5148,37.4279
9.5800,42.3247,37.2612
9.5840,42.3247,37.1902
9.5880,42.3247,36.9245
9.5920,42.3247,36.6888
9.5960,41.7920,36.5934
9.6000,41.6051,36.4615
9.6040,41.6051,36.1877
9.6080,41.6051,35.9257
9.6120,41.6051,35.9256
9.6160,41.0592,35.5675
9.6200,40.8478,35.1286
9.6240,40.8478,34.9239
9.6280,40.8478,34.9239
9.6320,40.8478,34.4157
9.6360,40.2392,34.2560
9.6400,40.0579,34.2560
9.6440,40.0579,34.1342
9.6480,40.0579,33.6166
9.6520,40.0579,33.5882
9.6560,39.4088,33.5882
9.6600,39.1953,33.3144
9.6640,39.1953,32.8483
9.6680,39.1953,32.5882
9.6720,39.1953,32.5865
9.6760,38.5501,32.2257
9.6800,38.3141,31.9187
9.6840,38.3141,31.9187
9.6880,38.3141,31.9037
9.6920,38.3141,31.3779
9.6960,37.6951,31.2509
9.7000,37.4614,31.2509
9.7040,37.4614,31.1053
9.7080,37.4614,30.6254
9.7120,36.8758,30.3142
9.7160,36.6333,30.2491
9.7200,36.6333,29.9677
9.7240,36.6333,29.5813
9.7280,36.6333,29.5813
9.7320,36.6333,29.5813
9.7360,36.0369,29.2738
9.7400,35.6931,28.9135
9.7440,35.6931,28.9135
9.7480,35.6931,28.9135
9.7520,35.6931,28.6385
9.7560,35.0250,28.5796
9.7600,34.7891,28.5796
9.7640,34.7891,28.5796
9.7680,34.7891,28.5796
9.7720,34.7891,28.5796
9.7760,34.1963,28.5796
9.7800,33.9612,28.5796
9.7840,33.9612,28.5796
9.7880,33.9612,28.5796
9.7920,33.9612,28.5796
9.7960,33.4915,28.5796
9.8000,33.2436,28.5796
9.8040,33.2436,28.5796
9.8080,33.2436,28.5796
9.8120,33.2436,28.5796
9.8160,32.8044,28.5796
9.8200,32.6218,28.5796
9.8240,32.6218,28.5796
9.8280,32.6218,28.5796
9.8320,32.6218,28.5796
9.8360,32.2412,28.5796
9.8400,32.0828,28.5796
9.8440,32.0828,28.5796
9.8480,32.0828,28.5796
9.8520,32.0828,28.5796
9.8560,31.7537,28.5796
9.8600,31.6157,28.5796
9.8640,31.6157,28.5796
9.8680,31.6157,28.5796
9.8720,31.6157,28.5796
9.8760,31.3431,28.5796
9.8800,31.2109,28.5796
9.8840,31.2109,28.5796
9.8880,31.2109,28.5796
9.8920,31.2109,28.5796
9.8960,31.2109,28.5796
9.9000,30.9551,28.5796
9.9040,30.8601,28.5796
9.9080,30.8601,28.5796
9.9120,30.8601,28.5796
9.9160,30.6389,28.5796
9.9200,30.5560,28.5796
9.9240,30.5560,28.5796
9.9280,30.5560,28.5796
9.9320,30.5560,28.5796
9.9360,30.5560,28.5796
9.9400,30.3600,28.5796
9.9440,30.2925,28.5796
9.9480,30.2925,28.5796
9.9520,30.2925,28.5796
9.9560,30.2925,28.5796
9.9600,30.1271,28.5796
9.9640,30.0641,28.5796
9.9680,30.0641,28.5796
9.9720,30.0641,28.5796
9.9760,30.0641,28.5796
9.9800,29.9215,28.5796
9.9840,29.8662,28.5796
9.9880,29.8662,28.5796
9.9920,29.8662,28.5796
9.9960,29.8662,28.8113
10.0000,29.7437,28.9135
10.0040,29.6946,28.9135
10.0080,29.6946,29.0118
10.0120,29.6946,29.5290
10.0160,29.6196,29.8201
10.0200,29.5905,30.2783
10.0240,29.5905,30.7012
10.0280,29.5905,30.9170
10.0320,29.5905,30.9170
10.0360,29.5905,31.3985
10.0400,29.7141,31.5848
10.0440,29.7673,31.5848
10.0480,29.7673,31.6418
10.0520,29.7673,31.9056
10.0560,29.7673,32.1650
10.0600,29.9720,32.2526
10.0640,30.0542,32.2526
10.0680,30.0542,32.3051
10.0720,30.0542,32.5812
10.0760,30.0542,32.8176
10.0800,30.2981,32.9204
10.0840,30.3918,33.1930
10.0880,30.3918,33.5882
10.0920,30.3918,33.5882
10.0960,30.3918,33.5882
10.1000,30.7088,33.9753
10.1040,30.8180,34.2560
10.1080,30.8180,34.2560
10.1120,30.8180,34.2560
10.1160,30.8180,34.7461
10.1200,31.1456,35.1102
10.1240,31.2764,35.2578
10.1280,31.2764,35.3303
10.1320,31.2764,35.6011
10.1360,31.2764,35.8637
10.1400,31.6661,35.9256
10.1440,31.8518,36.1625
10.1480,31.8518,36.5934
10.1520,31.8518,36.5934
10.1560,31.8518,36.5934
10.1600,32.2958,36.5934
10.1640,32.4840,36.8719
10.1680,32.4840,37.2612
10.1720,32.4840,37.2659
10.1760,32.4840,37.7339
10.1800,32.9545,37.9290
10.1840,33.1210,37.9290
10.1880,33.1210,37.9290
10.1920,33.1210,37.9390
10.1960,33.1210,38.2093
10.2000,33.5904,38.4709
10.2040,33.7620,38.5969
10.2080,33.7620,38.5969
10.2120,33.7620,38.5969
10.2160,33.7620,38.5969
10.2200,34.2323,38.5969
10.2240,34.4067,38.5969
10.2280,34.4067,38.5969
10.2320,34.4067,38.5969
10.2360,34.4067,38.5969
10.2400,34.8028,38.5969
10.2440,34.9654,38.5969
10.2480,34.9654,38.5969
10.2520,34.9654,38.5969
10.2560,34.9654,38.5969
10.2600,35.3041,38.5969
10.2640,35.4496,38.5969
10.2680,35.4496,38.5969
10.2720,35.4496,38.5969
10.2760,35.4496,38.5969
10.2800,35.7425,38.5969
10.2840,35.8692,38.5969
10.2880,35.8692,38.5969
10.2920,35.8692,38.5969
10.2960,35.8692,38.5969
10.3000,36.1220,38.5969
10.3040,36.2329,38.5969
10.3080,36.2329,38.5969
10.3120,36.2329,38.5969
10.3160,36.2329,38.5969
10.3200,36.4629,38.5969
10.3240,36.5481,38.5969
10.3280,36.5481,38.5969
10.3320,36.5481,38.5969
10.3360,36.5481,38.5969
10.3400,36.7490,38.5969
10.3440,36.8213,38.5969
10.3480,36.8213,38.5969
10.3520,36.8213,38.5969
10.3560,36.8213,38.5969
10.3600,36.9918,38.5969
10.3640,37.0580,38.5969
10.3680,37.0580,38.5969
10.3720,37.0580,38.5969
10.3760,37.0580,38.5969
10.3800,37.2086,38.5969
10.3840,37.2632,38.5969
10.3880,37.2632,38.5969
10.3920,37.2632,38.5969
10.3960,37.2632,38.5969
10.4000,37.3911,38.5969
10.4040,37.4410,38.5969
10.4080,37.4410,38.5969
10.4120,37.4410,38.5969
10.4160,37.4410,38.5969
10.4200,37.4410,38.5969
10.4240,37.5550,38.5969
10.4280,37.5951,38.5969
10.4320,37.5951,38.5969
10.4360,37.5951,38.5969
10.4400,37.5951,38.5969
10.4440,37.6908,38.5969
10.4480,37.7287,38.5969
10.4520,37.7287,38.5969
10.4560,37.7287,38.5969
10.4600,37.7287,38.5969
10.4640,37.8129,38.5969
10.4680,37.8444,38.5969
10.4720,37.8444,38.5969
10.4760,37.8444,38.5969
10.4800,37.9154,38.5969
10.4840,37.9448,38.5969
10.4880,37.9448,38.5969
10.4920,37.9448,38.5969
10.4960,37.9448,38.5969
10.5000,37.9448,38.5969
10.5040,38.0099,38.5969
10.5080,38.0317,38.5969
10.5120,38.0317,38.5969
10.5160,38.0317,38.5969
10.5200,38.0317,38.5969
10.5240,38.0871,38.5969
10.5280,38.1071,38.5969
10.5320,38.1071,38.5969
10.5360,38.1071,38.5969
10.5400,38.1071,38.5969
10.5440,38.1544,38.5969
10.5480,38.1724,38.5969
10.5520,38.1724,38.5969
10.5560,38.1724,38.5969
10.5600,38.1724,38.5969
10.5640,38.2138,38.5969
10.5680,38.2290,38.5969
10.5720,38.2290,38.5969
10.5760,38.2290,38.5969
10.5800,38.2290,38.5969
10.5840,38.2290,38.5969
10.5880,38.2290,38.5969
10.5920,38.2290,38.5969
10.5960,38.2290,38.5969
10.6000,38.2290,38.5969
10.6040,38.2636,38.5969
10.6080,38.2780,38.5969
10.6120,38.2780,38.5969
10.6160,38.2780,38.5969
10.6200,38.2780,38.5969
10.6240,38.3083,38.5969
10.6280,38.3205,38.5969
10.6320,38.3205,38.5969
10.6360,38.3205,38.5969
10.6400,38.3205,38.5969
10.6440,38.3205,38.5969
10.6480,38.3475,38.5969
10.6520,38.3574,38.5969
10.6560,38.3574,38.5969
10.6600,38.3574,38.5969
10.6640,38.3574,38.5969
10.6680,38.3801,38.5969
10.6720,38.3893,38.5969
10.6760,38.3893,38.5969
10.6800,38.3893,38.5969
10.6840,38.3893,38.5969
10.6880,38.4089,38.5969
10.6920,38.4170,38.5969
10.6960,38.4170,38.5969
10.7000,38.4170,38.5969
10.7040,38.4345,38.5969
10.7080,38.4410,38.5969
10.7120,38.4410,38.5969
10.7160,38.4410,38.5969
10.7200,38.4410,38.5969
10.7240,38.4410,38.5969
10.7280,38.4558,38.5969
10.7320,38.4618,38.5969
10.7360,38.4618,38.5969
10.7400,38.4618,38.5969
10.7440,38.4618,38.5969
10.7480,38.4747,38.5969
10.7520,38.4798,38.5969
10.7560,38.4798,38.5969
10.7600,38.4798,38.5969
10.7640,38.4798,38.5969
10.7680,38.4910,38.5969
10.7720,38.4954,38.5969
10.7760,38.4954,38.5969
10.7800,38.4954,38.5969
10.7840,38.4954,38.5969
10.7880,38.5049,38.5969
10.7920,38.5089,38.5969
10.7960,38.5089,38.5969
10.8000,38.5089,38.5969
10.8040,38.5089,38.5969
10.8080,38.5174,38.5969
10.8120,38.5206,38.5969
10.8160,38.5206,38.5969
10.8200,38.5206,38.5969
10.8240,38.5206,38.5969
10.8280,38.5279,38.5969
10.8320,38.5308,38.5969
10.8360,38.5308,38.5969
10.8400,38.5308,38.5969
10.8440,38.5308,38.5969
10.8480,38.5369,38.5969
10.8520,38.5396,38.5969
10.8560,38.5396,38.5969
10.8600,38.5396,38.5969
10.8640,38.5396,38.5969
10.8680,38.5451,38.5969
10.8720,38.5472,38.5969
10.8760,38.5472,38.5969
10.8800,38.5472,38.5969
10.8840,38.5472,38.5969
10.8880,38.5518,38.5969
10.8920,38.5539,38.5969
10.8960,38.5539,38.5969
10.9000,38.5539,38.5969
10.9040,38.5539,38.5969
10.9080,38.5580,38.5969
10.9120,38.5596,38.5969
10.9160,38.5596,38.5969
10.9200,38.5596,38.5969
10.9240,38.5596,38.5969
10.9280,38.5631,38.5969
10.9320,38.5646,38.5969
10.9360,38.5646,38.5969
10.9400,38.5646,38.5969
10.9440,38.5646,38.5969
10.9480,38.5677,38.5969
10.9520,38.5689,38.5969
10.9560,38.5689,38.5969
10.9600,38.5689,38.5969
10.9640,38.5689,38.5969
10.9680,38.5715,38.5969
10.9720,38.5726,38.5969
10.9760,38.5726,38.5969
10.9800,38.5726,38.5969
10.9840,38.5726,38.5969
10.9880,38.5748,38.5969
10.9920,38.5758,38.5969
10.9960,38.5758,38.5969
11.0000,38.5758,38.5969
11.0040,38.5758,38.5969
11.0080,38.5778,38.5969
11.0120,38.5786,38.5969
11.0160,38.5786,38.5969
11.0200,38.5786,38.5969
11.0240,38.5786,38.5969
11.0280,38.5804,38.5969
11.0320,38.5811,38.5969
11.0360,38.5811,38.5969
11.0400,38.5811,38.5969
11.0440,38.5811,38.5969
11.0480,38.5826,38.5969
11.0520,38.5832,38.5969
11.0560,38.5832,38.5969
11.0600,38.5832,38.5969
11.0640,38.5832,38.5969
11.0680,38.5845,38.5969
11.0720,38.5850,38.5969
11.0760,38.5850,38.5969
11.0800,38.5850,38.5969
11.0840,38.5850,38.5969
11.0880,38.5861,38.5969
11.0920,38.5866,38.5969
11.0960,38.5866,38.5969
11.1000,38.5866,38.5969
11.1040,38.5866,38.5969
11.1080,38.5866,38.5969
11.1120,38.5876,38.5969
11.1160,38.5880,38.5969
11.1200,38.5880,38.5969
11.1240,38.5880,38.5969
11.1280,38.5880,38.5969
11.1320,38.5888,38.5969
11.1360,38.5891,38.5969
11.1400,38.5891,38.5969
11.1440,38.5891,38.5969
11.1480,38.5891,38.5969
11.1520,38.5899,38.5969
11.1560,38.5902,38.5969
11.1600,38.5902,38.5969
11.1640,38.5902,38.5969
11.1680,38.5908,38.5969
11.1720,38.5911,38.5969
11.1760,38.5911,38.5969
11.1800,38.5911,38.5969
11.1840,38.5911,38.5969
11.1880,38.5911,38.5969
11.1920,38.5916,38.5969
11.1960,38.5918,38.5969
11.2000,38.5918,38.5969
11.2040,38.5918,38.5969
11.2080,38.5918,38.5969
11.2120,38.5923,38.5969
11.2160,38.5925,38.5969
11.2200,38.5925,38.5969
11.2240,38.5925,38.5969
11.2280,38.5925,38.5969
11.2320,38.5929,38.5969
11.2360,38.5931,38.5969
11.2400,38.5931,38.5969
11.2440,38.5931,38.5969
11.2480,38.5934,38.5969
11.2520,38.5940,38.5969
11.2560,38.5945,38.5969
11.2600,38.5950,38.5969
11.2640,38.5955,38.5969
11.2680,38.5960,38.5969
11.2720,38.5965,38.5969
11.2760,38.5968,38.5969
11.2800,38.5969,38.5969
11.2840,38.5969,38.5969
11.2880,38.5969,38.5969
11.2920,38.5969,38.5969
11.2960,38.5969,38.5969
11.3000,38.5969,38.5969
11.3040,38.5969,38.5969
11.3080,38.5969,38.5969
11.3120,38.5969,38.5969
11.3160,38.5969,38.5969
11.3200,38.5969,38.5969
11.3240,38.5969,38.5969
11.3280,38.5969,38.5969
11.3320,38.5969,38.5969
11.3360,38.5969,38.5969
11.3400,38.5969,38.5969
11.3440,38.5969,38.5969
11.3480,38.5969,38.5969
11.3520,38.5969,38.5969
11.3560,38.5969,38.5969
11.3600,38.5969,38.5969
11.3640,38.5969,38.5969
11.3680,38.5969,38.5969
11.3720,38.5969,38.5969
11.3760,38.5969,38.5969
11.3800,38.5969,38.5969
11.3840,38.5969,38.5969
11.3880,38.5969,38.5969
11.3920,38.5969,38.5969
11.3960,38.5969,38.5969
11.4000,38.5969,38.5969
11.4040,38.5969,38.5969
11.4080,38.5969,38.5969
11.4120,38.5969,38.5969
11.4160,38.5969,38.5969
11.4200,38.5969,38.5969
11.4240,38.5969,38.5969
11.4280,38.5969,38.5969
11.4320,38.5969,38.5969
11.4360,38.5969,38.5969
11.4400,38.5969,38.5969
11.4440,38.5969,38.5969
11.4480,38.5969,38.5969
11.4520,38.5969,38.5969
11.4560,38.5969,38.5969
11.4600,38.5969,38.5969
11.4640,38.5969,38.5969
11.4680,38.5969,38.5969
11.4720,38.5969,38.5969
11.4760,38.5969,38.5969
11.4800,38.5969,38.5969
11.4840,38.5969,38.5969
11.4880,38.5969,38.5969
11.4920,38.5969,38.5969
11.4960,38.5969,38.5969
11.5000,38.5969,38.5969
11.5040,38.5969,38.5969
11.5080,38.5969,38.5969
11.5120,38.5969,38.5969
11.5160,38.5969,38.5969
11.5200,38.5969,38.5969
11.5240,38.5969,38.5969
11.5280,38.5969,38.5969
11.5320,38.5969,38.5969
11.5360,38.5969,38.5969
11.5400,38.5969,38.5969
11.5440,38.5969,38.5969
11.5480,38.5969,38.5969
11.5520,38.5969,38.5969
11.5560,38.5969,38.5969
11.5600,38.5969,38.5969
11.5640,38.5969,38.5969
11.5680,38.5969,38.5969
11.5720,38.5969,38.5969
11.5760,38.5969,38.5969
11.5800,38.5969,38.5969
11.5840,38.5969,38.5969
11.5880,38.5969,38.5969
11.5920,38.5969,38.5969
11.5960,38.5969,38.5969
11.6000,38.5969,38.5969
11.6040,38.5969,38.5969
11.6080,38.5969,38.5969
11.6120,38.5969,38.5969
11.6160,38.5969,38.5969
11.6200,38.5969,38.5969
11.6240,38.5969,38.5969
11.6280,38.5969,38.5969
11.6320,38.5969,38.5969
11.6360,38.5969,38.5969
11.6400,38.5969,38.5969
11.6440,38.5969,38.5969
11.6480,38.5969,38.0611
11.6520,38.5969,37.9290
11.6560,38.5969,37.9290
11.6600,38.5969,37.6653
11.6640,38.5969,36.9273
11.6680,38.5969,36.9273
11.6720,38.5969,36.5370
11.6760,38.4389,36.2595
11.6800,38.3743,35.7652
11.6840,38.3743,35.2578
11.6880,38.3743,35.2578
11.6920,38.3743,35.2578
11.6960,38.0674,34.6357
11.7000,37.9587,33.8237
11.7040,37.9587,33.5882
11.7080,37.9587,33.5882
11.7120,37.5440,33.1720
11.7160,37.3760,32.9204
11.7200,37.3760,32.9204
11.7240,37.3760,32.9204
11.7280,37.3760,32.9204
11.7320,37.3760,32.4545
11.7360,36.9690,32.2526
11.7400,36.7819,32.2526
11.7440,36.7819,32.2272
11.7480,36.7819,31.6762
11.7520,36.3555,31.5848
11.7560,36.1780,31.5848
11.7600,36.1780,31.2969
11.7640,36.1780,30.5830
11.7680,36.1780,30.5830
11.7720,35.6531,30.5830
11.7760,35.4320,29.9152
11.7800,35.4320,29.9152
11.7840,35.4320,29.9152
11.7880,35.4320,29.9152
11.7920,35.4320,29.4470
11.7960,34.8867,29.2474
11.8000,34.6964,29.2474
11.8040,34.6964,29.1818
11.8080,34.6964,28.6523
11.8120,34.6964,28.3441
11.8160,34.0948,28.2457
11.8200,33.8809,28.1488
11.8240,33.8809,27.8724
11.8280,33.8809,27.6002
11.8320,33.8809,27.5779
11.8360,33.2817,27.4170
11.8400,33.0405,27.1583
11.8440,33.0405,26.9100
11.8480,33.0405,26.9100
11.8520,33.0405,26.4253
11.8560,32.4357,26.2422
11.8600,32.2231,26.2422
11.8640,32.2231,26.0977
11.8680,32.2231,25.3049
11.8720,32.2231,25.2405
11.8760,31.5520,25.0729
11.8800,31.2921,24.7852
11.8840,31.2921,24.5727
11.8880,31.2921,24.5727
11.8920,31.2921,24.3364
11.8960,30.6369,24.0642
11.9000,30.3961,23.9049
11.9040,30.3961,23.8460
11.9080,30.3961,23.5748
11.9120,30.3961,23.3207
11.9160,29.7512,23.2370
11.9200,29.4861,23.1139
11.9240,29.4861,22.8351
11.9280,29.4861,22.5744
11.9320,29.4861,22.5692
11.9360,28.8108,22.3783
11.9400,28.5639,22.1110
11.9440,28.5639,21.9014
11.9480,28.5639,21.9014
11.9520,28.5639,21.6364
11.9560,27.9170,21.3622
11.9600,27.6755,21.2336
11.9640,27.6755,21.1042
11.9680,27.6755,20.5658
11.9720,27.6755,20.5658
11.9760,27.0271,20.5658
11.9800,26.7276,20.3308
11.9840,26.7276,19.8278
11.9880,26.7276,19.5640
11.9920,26.7276,19.5640
11.9960,26.0548,19.3651
12.0000,25.7724,19.0934
12.0040,25.7724,18.8962
12.0080,25.7724,18.8777
12.0120,25.7724,18.6212
12.0160,25.1058,18.3625
12.0200,24.8556,18.2284
12.0240,24.8556,18.1477
12.0280,24.8556,17.8861
12.0320,24.8556,17.6205
12.0360,24.1640,17.5606
12.0400,23.9275,17.2684
12.0440,23.9275,16.8928
12.0480,23.9275,16.8928
12.0520,23.9275,16.8928
12.0560,23.2511,16.4871
12.0600,22.9895,16.0918
12.0640,22.9895,15.8910
12.0680,22.9895,15.8834
12.0720,22.9895,15.3922
12.0760,22.3375,15.2232
12.0800,22.0430,15.2232
12.0840,22.0430,15.0743
12.0880,22.0430,14.5554
12.0920,22.0430,14.5554
12.0960,21.3332,14.5554
12.1000,21.0447,14.2254
12.1040,21.0447,13.8876
12.1080,21.0447,13.8876
12.1120,21.0447,13.8876
12.1160,20.3513,13.8876
12.1200,20.0904,13.5831
12.1240,20.0904,13.1336
12.1280,20.0904,12.8859
12.1320,20.0904,12.8859
12.1360,20.0904,12.6634
12.1400,19.4419,12.3995
12.1440,19.1298,12.2180
12.1480,19.1298,12.1517
12.1520,19.1298,11.6238
12.1560,18.4572,11.5502
12.1600,18.2082,11.5502
12.1640,18.2082,11.3386
12.1680,18.2082,10.8824
12.1720,18.2082,10.8824
12.1760,17.5167,10.4421
12.1800,17.2315,10.2146
12.1840,17.2315,10.2146
12.1880,17.2315,10.1734
12.1920,17.2315,9.8995
12.1960,17.2315,9.6371
12.2000,16.5047,9.5468
12.2040,16.2514,9.3151
12.2080,16.2514,8.8789
12.2120,16.2514,8.8789
12.2160,16.2514,8.8789
12.2200,15.5294,8.5176
12.2240,15.2684,8.2111
12.2280,15.2684,8.2111
12.2320,15.2684,8.2111
12.2360,15.2684,8.2111
12.2400,14.5886,7.6712
12.2440,14.3274,7.2094
12.2480,14.3274,7.2094
12.2520,14.3274,7.2094
12.2560,14.3274,6.9674
12.2600,13.6249,6.8755
12.2640,13.3783,6.8755
12.2680,13.3783,6.8755
12.2720,13.3783,6.8755
12.2760,12.8084,6.8755
12.2800,12.5113,6.8755
12.2840,12.5113,6.8755
12.2880,12.5113,6.8755
12.2920,12.5113,6.8755
12.2960,12.5113,6.8755
12.3000,11.9857,6.8755
12.3040,11.7598,6.8755
12.3080,11.7598,6.8755
12.3120,11.7598,6.8755
12.3160,11.7598,6.8755
12.3200,11.2896,6.8755
12.3240,11.1086,6.8755
12.3280,11.1086,6.8755
12.3320,11.1086,6.8755
12.3360,11.1086,6.8755
12.3400,10.7053,6.8755
12.3440,10.5442,6.8755
12.3480,10.5442,6.8755
12.3520,10.5442,6.8755
12.3560,10.5442,6.8755
12.3600,10.1872,6.8755
12.3640,10.0550,6.8755
12.3680,10.0550,6.8755
12.3720,10.0550,6.8755
12.3760,10.0550,6.8755
12.3800,9.7876,6.8755
12.3840,9.6311,6.8755
12.3880,9.6311,6.8755
12.3920,9.6311,6.8755
12.3960,9.6311,6.8755
12.4000,9.3739,6.8755
12.4040,9.2637,6.8755
12.4080,9.2637,6.8755
12.4120,9.2637,6.8755
12.4160,9.2637,6.8755
12.4200,9.0311,6.8755
12.4240,8.9453,6.8755
12.4280,8.9453,6.8755
12.4320,8.9453,6.8755
12.4360,8.9453,6.8755
12.4400,8.9453,6.8755
12.4440,8.7470,6.8755
12.4480,8.6693,6.8755
12.4520,8.6693,6.8755
12.4560,8.6693,6.8755
12.4600,8.5048,6.8755
12.4640,8.4301,6.8755
12.4680,8.4301,6.8755
12.4720,8.4301,6.8755
12.4760,8.2819,6.8755
12.4800,8.2228,6.8755
12.4840,8.0954,6.8755
12.4880,8.0432,6.8755
12.4920,8.0432,6.8755
12.4960,8.0432,6.8755
12.5000,8.0432,6.8755
12.5040,7.9333,6.8755
12.5080,7.8875,6.8755
12.5120,7.8875,6.8755
12.5160,7.8875,6.8755
12.5200,7.8875,6.8755
12.5240,7.7960,6.8755
12.5280,7.7526,6.8755
12.5320,7.7526,6.8755
12.5360,7.7526,6.8755
12.5400,7.7526,6.8755
12.5440,7.6744,6.8755
12.5480,7.6356,6.8755
12.5520,7.6356,6.8755
12.5560,7.6356,6.8755
12.5600,7.6356,6.8755
12.5640,7.5696,6.8755
12.5680,7.5343,6.8755
12.5720,7.5343,6.8755
12.5760,7.5343,6.8755
12.5800,7.5343,6.8755
12.5840,7.4762,6.8755
12.5880,7.4464,6.8755
12.5920,7.4464,6.8755
12.5960,7.4464,6.8755
12.6000,7.4464,6.8755
12.6040,7.3983,6.8755
12.6080,7.3703,6.8755
12.6120,7.3703,6.8755
12.6160,7.3703,6.8755
12.6200,7.3703,6.8755
12.6240,7.3284,6.8755
12.6280,7.3043,6.8755
12.6320,7.3043,6.8755
12.6360,7.3043,6.8755
12.6400,7.3043,6.8755
12.6440,7.2695,6.8755
12.6480,7.2472,6.8755
12.6520,7.2472,6.8755
12.6560,7.2472,6.8755
12.6600,7.2472,6.8755
12.6640,7.2161,6.8755
12.6680,7.1976,6.8755
12.6720,7.1976,6.8755
12.6760,7.1976,6.8755
12.6800,7.1714,6.8755
12.6840,7.1280,6.8755
12.6880,7.0861,6.8755
12.6920,7.0431,6.8755
12.6960,6.9991,6.8755
12.7000,6.9566,6.8755
12.7040,6.9141,6.8755
12.7080,6.8839,6.8755
12.7120,6.8755,6.8755
12.7160,6.8755,6.8755
12.7200,6.8755,6.8755
12.7240,6.8755,6.8755
12.7280,6.8755,6.8755
12.7320,6.8755,6.8755
12.7360,6.8755,6.8755
12.7400,6.8755,6.8755
12.7440,6.8755,6.8755
12.7480,6.8755,6.8755
12.7520,6.8755,6.8755
12.7560,6.8755,6.8755
12.7600,6.8755,6.8755
12.7640,6.8755,6.8755
12.7680,6.8755,6.8755
12.7720,6.8755,6.8755
12.7760,6.8755,6.8755
12.7800,6.8755,6.8755
12.7840,6.8755,6.8755
12.7880,6.8755,6.8755
12.7920,6.8755,6.8755
12.7960,6.8755,6.8755
12.8000,6.8755,6.8755
12.8040,6.8755,6.8755
12.8080,6.8755,6.8755
12.8120,6.8755,6.8755
12.8160,6.8755,6.8755
12.8200,6.8755,6.8755
12.8240,6.8755,6.8755
12.8280,6.8755,6.8755
12.8320,6.8755,6.8755
12.8360,6.8755,6.8755
12.8400,6.8755,6.8755
12.8440,6.8755,6.8755
12.8480,6.8755,6.8755
12.8520,6.8755,6.8755
12.8560,6.8755,6.8755
12.8600,6.8755,6.8755
12.8640,6.8755,6.8755
12.8680,6.8755,6.8755
12.8720,6.8755,6.8755
12.8760,6.8755,6.8755
12.8800,6.8755,6.8755
12.8840,6.8755,6.8755
12.8880,6.8755,6.8755
12.8920,6.8755,6.8755
12.8960,6.8755,6.8755
12.9000,6.8755,6.8755
12.9040,6.8755,6.8755
12.9080,6.8755,6.8755
12.9120,6.8755,6.8755
12.9160,6.8755,6.8832
12.9200,6.8755,7.1478
12.9240,6.8755,7.2094
12.9280,6.8978,7.4689
12.9320,6.9200,7.9536
12.9360,6.9200,8.2311
12.9400,6.9200,8.4827
12.9440,6.9200,8.9233
12.9480,6.9909,9.3051
12.9520,7.1270,9.5225
12.9560,7.1367,9.5766
12.9600,7.1367,10.1102
12.9640,7.1367,10.4310
12.9680,7.3362,10.5485
12.9720,7.5471,10.5954
12.9760,7.5471,10.8824
12.9800,7.5471,10.8824
12.9840,7.5471,10.8824
12.9880,7.7730,10.8824
12.9920,7.9918,11.0973
12.9960,7.9918,11.8841
13.0000,7.9918,11.8841
13.0040,7.9918,11.8841
13.0080,8.2668,12.2739
13.0120,8.5108,12.8859
13.0160,8.5108,12.8859
13.0200,8.5108,12.8859
13.0240,8.5108,13.0912
13.0280,8.7781,13.3550
13.0320,9.0941,13.5537
13.0360,9.0941,13.5746
13.0400,9.0941,13.8450
13.0440,9.0941,14.1032
13.0480,9.3757,14.2215
13.0520,9.7332,14.3746
13.0560,9.7332,14.8893
13.0600,9.7332,14.8893
13.0640,9.7332,14.8893
13.0680,10.0646,15.1913
13.0720,10.4207,15.5571
13.0760,10.4207,15.5571
13.0800,10.4207,15.5571
13.0840,10.4207,15.5571
13.0880,10.7278,15.9922
13.0920,11.1056,16.5589
13.0960,11.1056,16.5961
13.1000,11.1056,16.8438
13.1040,11.1056,17.1156
13.1080,11.4371,17.2267
13.1120,11.8772,17.2951
13.1160,11.8772,17.6019
13.1200,11.8772,17.8578
13.1240,11.8772,17.8945
13.1280,12.2497,18.2196
13.1320,12.6795,18.5623
13.1360,12.6795,18.5623
13.1400,12.6795,18.5623
13.1440,12.6795,19.0139
13.1480,13.0381,19.2301
13.1520,13.4639,19.2301
13.1560,13.4639,19.2301
13.1600,13.4639,19.2301
13.1640,13.4639,19.9592
13.1680,13.4639,20.2319
13.1720,13.8976,20.2319
13.1760,14.3663,20.3051
13.1800,14.3663,20.8555
13.1840,14.3663,20.8997
13.1880,14.7730,21.2350
13.1920,15.2374,21.5675
13.1960,15.2374,21.5675
13.2000,15.2374,21.5675
13.2040,15.2374,22.0578
13.2080,15.2374,22.2353
13.2120,15.5708,22.2353
13.2160,16.1705,22.2353
13.2200,16.1705,22.2353
13.2240,16.1705,22.7283
13.2280,16.1705,22.9031
13.2320,16.5841,22.9031
13.2360,17.0681,22.9752
13.2400,17.0681,23.5440
13.2440,17.0681,23.5710
13.2480,17.0681,23.5710
13.2520,17.4738,23.7944
13.2560,17.9352,24.2388
13.2600,17.9352,24.2388
13.2640,17.9352,24.2388
13.2680,17.9352,24.7356
13.2720,18.3417,25.2405
13.2760,18.7757,25.2405
13.2800,18.7757,25.2405
13.2840,18.7757,25.7420
13.2880,18.7757,25.9083
13.2920,19.1654,26.0983
13.2960,19.7267,26.5761
13.3000,19.7267,26.5761
13.3040,19.7267,26.5761
13.3080,19.7267,26.9615
13.3120,20.1214,27.2440
13.3160,20.6399,27.2440
13.3200,20.6399,27.2460
13.3240,20.6399,27.7566
13.3280,20.6399,27.9118
13.3320,21.0103,27.9118
13.3360,21.6095,28.0352
13.3400,21.6095,28.5796
13.3440,21.6095,28.5796
13.3480,21.6095,28.5796
13.3520,22.0189,28.8323
13.3560,22.5389,29.2474
13.3600,22.5389,29.2474
13.3640,22.5389,29.2474
13.3680,22.5389,29.5977
13.3720,22.9254,29.9152
13.3760,23.4333,29.9152
13.3800,23.4333,29.9152
13.3840,23.4333,30.4696
13.3880,23.4333,30.5830
13.3920,23.7706,30.5830
13.3960,24.3866,30.7128
13.4000,24.3866,31.2661
13.4040,24.3866,31.5064
13.4080,24.3866,31.5848
13.4120,24.7946,31.8583
13.4160,25.3464,32.2526
13.4200,25.3464,32.2526
13.4240,25.3464,32.2526
13.4280,25.3464,32.2526
13.4320,25.7588,32.5260
13.4360,26.2672,32.9204
13.4400,26.2672,32.9204
13.4440,26.2672,32.9204
13.4480,26.2672,33.5344
13.4520,26.6725,33.9221
13.4560,27.1543,33.9221
13.4600,27.1543,33.9443
13.4640,27.1543,34.2053
13.4680,27.1543,34.4473
13.4720,27.5893,34.5900
13.4760,28.1012,34.7478
13.4800,28.1012,35.2223
13.4840,28.1012,35.2578
13.4880,28.1012,35.2578
13.4920,28.1012,35.2578
13.4960,28.5539,35.4221
13.5000,29.0554,35.9256
13.5040,29.0554,35.9256
13.5080,29.0554,35.9256
13.5120,29.4621,36.2139
13.5160,29.9714,36.5934
13.5200,29.9714,36.5934
13.5240,29.9714,36.5934
13.5280,29.9714,37.0395
13.5320,30.3696,37.4126
13.5360,30.8544,37.5951
13.5400,30.8544,37.6400
13.5440,30.8544,37.8907
13.5480,30.8544,38.1586
13.5520,30.8544,38.2630
13.5560,31.3371,38.2630
13.5600,31.8422,38.3096
13.5640,31.8422,38.5756
13.5680,31.8422,38.8211
13.5720,32.2333,38.9308
13.5760,32.7428,39.1243
13.5800,32.7428,39.5986
13.5840,32.7428,39.5986
13.5880,32.7428,39.5986
13.5920,32.7428,39.9105
13.5960,33.1285,40.2664
13.6000,33.6569,40.2664
13.6040,33.6569,40.2664
13.6080,33.6569,40.7080
13.6120,34.0385,40.9342
13.6160,34.5382,41.1306
13.6200,34.5382,41.6020
13.6240,34.5382,41.6020
13.6280,34.5382,41.6020
13.6320,34.5382,41.6020
13.6360,34.8763,41.7948
13.6400,35.4800,42.3253
13.6440,35.4800,42.5887
13.6480,35.4800,42.6038
13.6520,35.4800,42.6038
13.6560,35.9465,42.8440
13.6600,36.4299,43.2716
13.6640,36.4299,43.2716
13.6680,36.4299,43.2716
13.6720,36.8523,43.7552
13.6760,37.3421,43.9394
13.6800,37.3421,43.9987
13.6840,37.3421,44.2733
13.6880,37.3421,44.2733
13.6920,37.3421,44.2733
13.6960,37.7821,44.2733
13.7000,38.2663,44.3905
13.7040,38.2663,44.9464
13.7080,38.2663,45.2059
13.7120,38.2663,45.2750
13.7160,38.7165,45.4008
13.7200,39.2008,45.6090
13.7240,39.2008,45.6090
13.7280,39.2008,45.6090
13.7320,39.2008,45.6090
13.7360,39.5487,45.6090
13.7400,40.0552,45.6090
13.7440,40.0552,45.6090
13.7480,40.0552,45.6090
13.7520,40.0552,45.6090
13.7560,40.3999,45.6090
13.7600,40.7957,45.6090
13.7640,40.7957,45.6090
13.7680,40.7957,45.6090
13.7720,40.7957,45.6090
13.7760,40.7957,45.6090
13.7800,40.7957,45.6090
13.7840,40.7957,45.6090
13.7880,40.7957,45.6090
13.7920,40.7957,45.6090
13.7960,41.0879,45.6090
13.8000,41.4375,45.6090
13.8040,41.4375,45.6090
13.8080,41.4375,45.6090
13.8120,41.4375,45.6090
13.8160,41.6765,45.6090
13.8200,41.9937,45.6090
13.8240,41.9937,45.6090
13.8280,41.9937,45.6090
13.8320,41.9937,45.6090
13.8360,42.2142,45.6090
13.8400,42.4757,45.6090
13.8440,42.4757,45.6090
13.8480,42.4757,45.6090
13.8520,42.4757,45.6090
13.8560,42.6625,45.6090
13.8600,42.8935,45.6090
13.8640,42.8935,45.6090
13.8680,42.8935,45.6090
13.8720,42.8935,45.6090
13.8760,43.0662,45.6090
13.8800,43.2555,45.6090
13.8840,43.2555,45.6090
13.8880,43.2555,45.6090
13.8920,43.2555,45.6090
13.8960,43.2555,45.6090
13.9000,43.4072,45.6090
13.9040,43.5693,45.6090
13.9080,43.5693,45.6090
13.9120,43.5693,45.6090
13.9160,43.5693,45.6090
13.9200,43.7028,45.6090
13.9240,43.8413,45.6090
13.9280,43.8413,45.6090
13.9320,43.8413,45.6090
13.9360,43.9592,45.6090
13.9400,44.0770,45.6090
13.9440,44.0770,45.6090
13.9480,44.0770,45.6090
13.9520,44.0770,45.6090
13.9560,44.0770,45.6090
13.9600,44.1753,45.6090
13.9640,44.2812,45.6090
13.9680,44.2812,45.6090
13.9720,44.2812,45.6090
13.9760,44.2812,45.6090
13.9800,44.3631,45.6090
13.9840,44.4583,45.6090
13.9880,44.4583,45.6090
13.9920,44.4583,45.6090
13.9960,44.4583,45.6090
14.0000,44.5281,45.6090
14.0040,44.6117,45.6090
14.0080,44.6117,45.6090
14.0120,44.6117,45.6090
14.0160,44.6711,45.6090
14.0200,44.7447,45.6090
14.0240,44.7447,45.6090
14.0280,44.7447,45.6090
14.0320,44.7447,45.6090
14.0360,44.7447,45.6090
14.0400,44.8010,45.6090
14.0440,44.8599,45.6090
14.0480,44.8599,45.6090
14.0520,44.8599,45.6090
14.0560,44.8599,45.6090
14.0600,44.9078,45.6090
14.0640,44.9598,45.6090
14.0680,44.9598,45.6090
14.0720,45.0021,45.6090
14.0760,45.0463,45.6090
14.0800,45.0815,45.6090
14.0840,45.1213,45.6090
14.0880,45.1213,45.6090
14.0920,45.1213,45.6090
14.0960,45.1213,45.6090
14.1000,45.1506,45.6090
14.1040,45.1864,45.6090
14.1080,45.1864,45.6090
14.1120,45.1864,45.6090
14.1160,45.1864,45.6090
14.1200,45.2127,45.6090
14.1240,45.2427,45.6090
14.1280,45.2427,45.6090
14.1320,45.2427,45.6090
14.1360,45.2427,45.6090
14.1400,45.2662,45.6090
14.1440,45.2915,45.6090
14.1480,45.2915,45.6090
14.1520,45.2915,45.6090
14.1560,45.2915,45.6090
14.1600,45.3122,45.6090
14.1640,45.3339,45.6090
14.1680,45.3339,45.6090
14.1720,45.3339,45.6090
14.1760,45.3339,45.6090
14.1800,45.3519,45.6090
14.1840,45.3705,45.6090
14.1880,45.3705,45.6090
14.1920,45.3705,45.6090
14.1960,45.3705,45.6090
14.2000,45.3854,45.6090
14.2040,45.4023,45.6090
14.2080,45.4023,45.6090
14.2120,45.4023,45.6090
14.2160,45.4023,45.6090
14.2200,45.4139,45.6090
14.2240,45.4299,45.6090
14.2280,45.4299,45.6090
14.2320,45.4299,45.6090
14.2360,45.4299,45.6090
14.2400,45.4410,45.6090
14.2440,45.4538,45.6090
14.2480,45.4538,45.6090
14.2520,45.4538,45.6090
14.2560,45.4538,45.6090
14.2600,45.4538,45.6090
14.2640,45.4631,45.6090
14.2680,45.4838,45.6090
14.2720,45.4951,45.6090
14.2760,45.5023,45.6090
14.2800,45.5174,45.6090
14.2840,45.5328,45.6090
14.2880,45.5476,45.6090
14.2920,45.5623,45.6090
14.2960,45.5777,45.6090
14.3000,45.5931,45.6090
14.3040,45.6048,45.6090
14.3080,45.6090,45.6090
14.3120,45.6090,45.6090
14.3160,45.6090,45.6090
14.3200,45.6090,45.6090
14.3240,45.6090,45.6090
14.3280,45.6090,45.6090
14.3320,45.6090,45.6090
14.3360,45.6090,45.6090
14.3400,45.6090,45.6090
14.3440,45.6090,45.6090
14.3480,45.6090,45.6090
14.3520,45.6090,45.6090
14.3560,45.6090,45.6090
14.3600,45.6090,45.6090
14.3640,45.6090,45.6090
14.3680,45.6090,45.6090
14.3720,45.6090,45.6090
14.3760,45.6090,45.6090
14.3800,45.6090,45.6090
14.3840,45.6090,45.6090
14.3880,45.6090,45.6090
14.3920,45.6090,45.6090
14.3960,45.6090,45.6090
14.4000,45.6090,45.6090
14.4040,45.6090,45.6090
14.4080,45.6090,45.6090
14.4120,45.6090,45.6090
14.4160,45.6090,45.6090
14.4200,45.6090,45.6090
14.4240,45.6090,45.6090
14.4280,45.6090,45.6090
14.4320,45.6090,45.6090
14.4360,45.6090,45.6090
14.4400,45.6090,45.6090
14.4440,45.6090,45.6090
14.4480,45.6090,45.6090
14.4520,45.6090,45.6090
14.4560,45.6090,45.6090
14.4600,45.6090,45.6090
14.4640,45.6090,45.6090
14.4680,45.6090,45.6090
14.4720,45.6090,45.6090
14.4760,45.6090,45.6090
14.4800,45.6090,45.6090
14.4840,45.6090,45.6090
14.4880,45.6090,45.6090
14.4920,45.6090,45.6090
14.4960,45.6090,45.6090
14.5000,45.6090,45.6090
14.5040,45.6090,45.6090
14.5080,45.6090,45.6090
14.5120,45.6090,45.6090
14.5160,45.6090,45.6090
14.5200,45.6090,45.6090
14.5240,45.6090,45.6090
14.5280,45.6090,45.6090
14.5320,45.6090,45.6090
14.5360,45.6090,45.6090
14.5400,45.6090,45.6090
14.5440,45.6090,45.6090
14.5480,45.6090,45.6090
14.5520,45.6090,45.6090
14.5560,45.6090,45.6090
14.5600,45.6090,45.6090
14.5640,45.6090,45.6090
14.5680,45.6090,45.6090
14.5720,45.6090,45.6090
14.5760,45.6090,45.6090
14.5800,45.6090,45.6090
14.5840,45.6090,45.6090
14.5880,45.6090,45.6090
14.5920,45.6090,45.6090
14.5960,45.6090,45.6090
14.6000,45.6090,45.6090
14.6040,45.6090,45.6090
14.6080,45.6090,45.6090
14.6120,45.6090,45.6090
14.6160,45.6090,45.6090
14.6200,45.6090,45.6090
14.6240,45.6090,45.6090
14.6280,45.6090,45.6090
14.6320,45.6090,45.6090
14.6360,45.6090,45.6090
14.6400,45.6090,45.6090
14.6440,45.6090,45.6090
14.6480,45.6090,45.6090
14.6520,45.6090,45.6090
14.6560,45.6090,45.6090
14.6600,45.6090,45.6090
14.6640,45.6090,45.6090
14.6680,45.6090,45.6090
14.6720,45.6090,45.6090
14.6760,45.6090,45.6090
14.6800,45.6090,45.6090
14.6840,45.6090,45.6090
14.6880,45.6090,45.6090
14.6920,45.6090,45.6090
14.6960,45.6090,45.6090
14.7000,45.6090,45.6090
14.7040,45.6090,45.6090
14.7080,45.6090,45.6090
14.7120,45.6090,45.6090
14.7160,45.6090,45.6090
14.7200,45.6090,45.6090
14.7240,45.6090,45.6090
14.7280,45.6090,45.6090
14.7320,45.6090,45.6090
14.7360,45.6090,45.6090
14.7400,45.6090,45.6090
14.7440,45.6090,45.6090
14.7480,45.6090,45.6090
14.7520,45.6090,45.6090
14.7560,45.6090,45.6090
14.7600,45.6090,45.6090
14.7640,45.6090,45.6090
14.7680,45.6090,45.6090
14.7720,45.6090,45.6090
14.7760,45.6090,45.6090
14.7800,45.6090,45.6090
14.7840,45.6090,45.6090
14.7880,45.6090,45.6090
14.7920,45.6090,45.6090
14.7960,45.6090,45.6090
14.8000,45.6090,45.6090
14.8040,45.6090,45.6090
14.8080,45.6090,45.6090
14.8120,45.6090,45.6090
14.8160,45.6090,45.6090
14.8200,45.6090,45.6090
14.8240,45.6090,45.6090
14.8280,45.6090,45.6090
14.8320,45.6090,45.6090
14.8360,45.6090,45.6090
14.8400,45.6090,45.6090
14.8440,45.6090,45.6090
14.8480,45.6090,45.6090
14.8520,45.6090,45.6090
14.8560,45.6090,45.6090
14.8600,45.6090,45.6090
14.8640,45.6090,45.6090
14.8680,45.6090,45.6090
14.8720,45.6090,45.6090
14.8760,45.6090,45.6090
14.8800,45.6090,45.6090
14.8840,45.6090,45.6090
14.8880,45.6090,45.6090
14.8920,45.6090,45.6090
14.8960,45.6090,45.6090
14.9000,45.6090,45.6090
14.9040,45.6090,45.6090
14.9080,45.6090,45.6090
14.9120,45.6090,45.6090
14.9160,45.6090,45.6090
14.9200,45.6090,45.6090
14.9240,45.6090,45.6090
14.9280,45.6090,45.6090
14.9320,45.6090,45.6090
14.9360,45.6090,45.6090
14.9400,45.6090,45.6090
14.9440,45.6090,45.6090
14.9480,45.6090,45.6090
14.9520,45.6090,45.6090
14.9560,45.6090,45.6090
14.9600,45.6090,45.6090
14.9640,45.6090,45.6090
14.9680,45.6090,45.6090
14.9720,45.6090,45.6090
14.9760,45.6090,45.6090
14.9800,45.6090,45.6090
14.9840,45.6090,45.6090
14.9880,45.6090,45.6090
14.9920,45.6090,45.6090
14.9960,45.6090,45.6090
15.0000,45.6090,45.6090
15.0040,45.6090,45.6090
15.0080,45.6090,45.6090
15.0120,45.6090,45.6090
15.0160,45.6090,45.6090
15.0200,45.6090,45.6090
15.0240,45.6090,45.6090
15.0280,45.6090,45.6090
15.0320,45.6090,45.6090
15.0360,45.6090,45.6090
15.0400,45.6090,45.6090
15.0440,45.6090,45.6090
15.0480,45.6090,45.6090
15.0520,45.6090,45.6090
15.0560,45.6090,45.6090
15.0600,45.6090,45.6090
15.0640,45.6090,45.6090
15.0680,45.6090,45.6090
15.0720,45.6090,45.6090
15.0760,45.6090,45.6090
15.0800,45.6090,45.6090
15.0840,45.6090,45.6090
15.0880,45.6090,45.6090
15.0920,45.6090,45.6090
15.0960,45.6090,45.6090
15.1000,45.6090,45.6090
15.1040,45.6090,45.6090
15.1080,45.6090,45.6090
15.1120,45.6090,45.6090
15.1160,45.6090,45.6090
15.1200,45.6090,45.6090
15.1240,45.6090,45.6090
15.1280,45.6090,45.6090
15.1320,45.6090,45.6090
15.1360,45.6090,45.6090
15.1400,45.6090,45.6090
15.1440,45.6090,45.6090
15.1480,45.6090,45.6090
15.1520,45.6090,45.6090
15.1560,45.6090,45.6090
15.1600,45.6090,45.6090
15.1640,45.6090,45.6090
15.1680,45.6090,45.5256
15.1720,45.6090,45.2121
15.1760,45.6090,44.9485
15.1800,45.6090,44.4055
15.1840,45.6090,44.2733
15.1880,45.6090,44.2733
15.1920,45.5544,44.0870
15.1960,45.4309,43.2711
15.2000,45.4309,43.0065
15.2040,45.4309,42.5427
15.2080,45.4309,42.1415
15.2120,45.3085,41.8159
15.2160,45.0094,41.2645
15.2200,45.0094,40.9853
15.2240,45.0094,40.9342
15.2280,44.8451,40.6988
15.2320,44.4660,40.2110
15.2360,44.4660,39.9382
15.2400,44.4660,39.6584
15.2440,44.4660,39.1773
15.2480,44.4660,38.7903
15.2520,44.2672,38.5969
15.2560,43.7280,38.5647
15.2600,43.7280,38.0811
15.2640,43.7280,37.9290
15.2680,43.4975,37.9290
15.2720,42.9548,37.9290
15.2760,42.9548,37.9290
15.2800,42.9548,37.3539
15.2840,42.9548,37.2612
15.2880,42.9548,37.2612
15.2920,42.8509,37.2612
15.2960,42.1957,36.5934
15.3000,42.1957,36.5934
15.3040,42.1957,36.5934
15.3080,42.1957,36.3292
15.3120,41.9933,35.8738
15.3160,41.4487,35.5917
15.3200,41.4487,35.5917
15.3240,41.4487,35.3873
15.3280,41.4487,35.1233
15.3320,41.2566,34.9239
15.3360,40.6232,34.8987
15.3400,40.6232,34.6439
15.3440,40.6232,34.3764
15.3480,40.6232,34.2560
15.3520,40.4074,34.1726
15.3560,39.7743,33.9240
15.3600,39.7743,33.6364
15.3640,39.7743,33.5882
15.3680,39.7743,33.2990
15.3720,39.5674,32.9204
15.3760,38.9495,32.9204
15.3800,38.9495,32.9204
15.3840,38.9495,32.2260
15.3880,38.9495,31.9187
15.3920,38.7386,31.9187
15.3960,38.0120,31.8855
15.4000,38.0120,31.6088
15.4040,38.0120,31.5848
15.4080,38.0120,31.5848
15.4120,37.7879,31.2809
15.4160,37.1551,30.5830
15.4200,37.1551,30.5830
15.4240,37.1551,30.1030
15.4280,37.1551,29.9152
15.4320,37.1551,29.9152
15.4360,36.8588,29.8636
15.4400,36.1898,29.3103
15.4440,36.1898,29.2474
15.4480,36.1898,29.2474
15.4520,35.9829,29.0700
15.4560,35.2641,28.5430
15.4600,35.2641,28.2638
15.4640,35.2641,28.2457
15.4680,35.2641,28.2393
15.4720,35.2641,27.7998
15.4760,34.9866,27.5779
15.4800,34.2838,27.5779
15.4840,34.2838,27.5779
15.4880,34.2838,27.2224
15.4920,34.2838,26.9100
15.4960,34.0422,26.9100
15.5000,33.3006,26.9100
15.5040,33.3006,26.3966
15.5080,33.3006,26.2422
15.5120,33.1418,26.0489
15.5160,32.3595,25.5245
15.5200,32.3595,25.2515
15.5240,32.3595,25.2405
15.5280,32.3595,25.0505
15.5320,32.3595,24.7880
15.5360,32.0896,24.5727
15.5400,31.3658,24.5727
15.5440,31.3658,24.3293
15.5480,31.3658,24.0602
15.5520,31.3658,23.9049
15.5560,31.0690,23.8435
15.5600,30.3710,23.5797
15.5640,30.3710,23.3219
15.5680,30.3710,23.2370
15.5720,30.3710,23.1154
15.5760,30.1219,22.8487
15.5800,29.4198,22.5836
15.5840,29.4198,22.5692
15.5880,29.4198,22.3667
15.5920,29.4198,22.1183
15.5960,29.2402,21.9014
15.6000,28.4619,21.9014
15.6040,28.4619,21.3661
15.6080,28.4619,21.2336
15.6120,28.4619,21.2336
15.6160,28.1935,21.1119
15.6200,27.4981,20.5658
15.6240,27.4981,20.5658
15.6280,27.4981,20.5658
15.6320,27.4981,20.3345
15.6360,27.2648,19.8517
15.6400,26.5738,19.5640
15.6440,26.5738,19.5640
15.6480,26.5738,19.3561
15.6520,26.5738,19.0920
15.6560,26.2861,18.8962
15.6600,25.5946,18.8962
15.6640,25.5946,18.6534
15.6680,25.5946,18.3750
15.6720,25.5946,18.2284
15.6760,25.3234,18.1164
15.6800,24.6125,17.5606
15.6840,24.6125,17.5606
15.6880,24.6125,17.5606
15.6920,24.6125,17.3274
15.6960,24.4124,16.8928
15.7000,23.6722,16.8928
15.7040,23.6722,16.8928
15.7080,23.6722,16.2768
15.7120,23.6722,15.8910
15.7160,23.4085,15.8910
15.7200,22.6347,15.8788
15.7240,22.6347,15.3648
15.7280,22.6347,15.2232
15.7320,22.6347,15.2232
15.7360,22.3838,15.1124
15.7400,21.6465,14.5719
15.7440,21.6465,14.5554
15.7480,21.6465,14.3494
15.7520,21.6465,14.0951
15.7560,21.4621,13.8876
15.7600,20.6565,13.8651
15.7640,20.6565,13.6127
15.7680,20.6565,13.3490
15.7720,20.6565,13.2198
15.7760,20.3930,13.2198
15.7800,19.6650,13.1735
15.7840,19.6650,12.6604
15.7880,19.6650,12.5519
15.7920,19.6650,12.5519
15.7960,19.4150,12.3527
15.8000,18.7166,11.8475
15.8040,18.7166,11.5857
15.8080,18.7166,11.5502
15.8120,18.7166,11.2021
15.8160,18.4652,10.8824
15.8200,17.7610,10.8824
15.8240,17.7610,10.8824
15.8280,17.7610,10.4077
15.8320,17.7610,10.2146
15.8360,17.5041,10.2146
15.8400,16.7549,10.1494
15.8440,16.7549,9.5853
15.8480,16.7549,9.5468
15.8520,16.7549,9.5468
15.8560,16.7549,9.5468
15.8600,16.5006,9.4698
15.8640,15.7938,8.9660
15.8680,15.7938,8.8789
15.8720,15.7938,8.8789
15.8760,15.7938,8.5432
15.8800,15.5853,7.8772
15.8840,14.8718,7.8772
15.8880,14.8718,7.8772
15.8920,14.8718,7.5195
15.8960,14.8718,7.2094
15.9000,14.6238,7.2094
15.9040,13.8501,7.2094
15.9080,13.8501,7.2094
15.9120,13.8501,7.2094
15.9160,13.8501,7.2094
15.9200,13.6290,7.2094
15.9240,12.9647,7.2094
15.9280,12.9647,7.2094
15.9320,12.9647,7.2094
15.9360,12.9647,7.2094
15.9400,12.7791,7.2094
15.9440,12.1973,7.2094
15.9480,12.1973,7.2094
15.9520,12.1973,7.2094
15.9560,12.1973,7.2094
15.9600,12.0417,7.2094
15.9640,11.5323,7.2094
15.9680,11.5323,7.2094
15.9720,11.5323,7.2094
15.9760,11.5323,7.2094
15.9800,11.4477,7.2094
15.9840,10.9559,7.2094
15.9880,10.9559,7.2094
15.9920,10.9559,7.2094
15.9960,10.9559,7.2094
16.0000,10.8393,7.2094
16.0040,10.4564,7.2094
16.0080,10.4564,7.2094
16.0120,10.4564,7.2094
16.0160,10.4564,7.2094
16.0200,10.3531,7.2094
16.0240,10.0234,7.2094
16.0280,10.0234,7.2094
16.0320,10.0234,7.2094
16.0360,10.0234,7.2094
16.0400,9.9358,7.2094
16.0440,9.6482,7.2094
16.0480,9.6482,7.2094
16.0520,9.6482,7.2094
16.0560,9.6482,7.2094
16.0600,9.5754,7.2094
16.0640,9.3231,7.2094
16.0680,9.3231,7.2094
16.0720,9.3231,7.2094
16.0760,9.3231,7.2094
16.0800,9.2712,7.2094
16.0840,9.0412,7.2094
16.0880,9.0412,7.2094
16.0920,9.0412,7.2094
16.0960,9.0412,7.2094
16.1000,8.9898,7.2094
16.1040,8.7970,7.2094
16.1080,8.7672,7.2094
16.1120,8.5490,7.2094
16.1160,8.3382,7.2094
16.1200,8.1292,7.2094
16.1240,7.9062,7.2094
16.1280,7.7013,7.2094
16.1320,7.4899,7.2094
16.1360,7.2913,7.2094
16.1400,7.2094,7.2094
16.1440,7.2094,7.2094
16.1480,7.2094,7.2094
16.1520,7.2094,7.2094
16.1560,7.2094,7.2094
16.1600,7.2094,7.2094
16.1640,7.2094,7.2094
16.1680,7.2094,7.2094
16.1720,7.2094,7.2094
16.1760,7.2094,7.2094
16.1800,7.2094,7.2094
16.1840,7.2094,7.2094
16.1880,7.2094,7.2094
16.1920,7.2094,7.2094
16.1960,7.2094,7.2094
16.2000,7.2094,7.2094
16.2040,7.2094,7.2094
16.2080,7.2094,7.2094
16.2120,7.2094,7.2094
16.2160,7.2094,7.2094
16.2200,7.2094,7.2094
16.2240,7.2094,7.2094
16.2280,7.2094,7.2094
16.2320,7.2094,7.2094
16.2360,7.2094,7.2094
16.2400,7.2094,7.2094
16.2440,7.2094,7.2094
16.2480,7.2094,7.2094
16.2520,7.2094,7.2094
16.2560,7.2094,7.2094
16.2600,7.2094,7.2094
16.2640,7.2094,7.2094
